country_code,metric_name,metric_value,metric_subtext
USA,Mangrove extent,232K ha,Global Mangrove Watch dataset for mangrove extent v4
IDN,Mangrove extent,2.90M ha,Global Mangrove Watch dataset for mangrove extent v4
AUS,Mangrove extent,1.00M ha,Global Mangrove Watch dataset for mangrove extent v4
BHS,Mangrove extent,151K ha,Global Mangrove Watch dataset for mangrove extent v4
KEN,Mangrove extent,54K ha,Global Mangrove Watch dataset for mangrove extent v4
MEX,Mangrove extent,992K ha,Global Mangrove Watch dataset for mangrove extent v4
COL,Mangrove extent,279K ha,Global Mangrove Watch dataset for mangrove extent v4
IND,Mangrove extent,400K ha,Global Mangrove Watch dataset for mangrove extent v4
CHN,Mangrove extent,22K ha,Global Mangrove Watch dataset for mangrove extent v4
ASM,Mangrove extent,32 ha,Global Mangrove Watch dataset for mangrove extent v4
AGO,Mangrove extent,28K ha,Global Mangrove Watch dataset for mangrove extent v4
AIA,Mangrove extent,4 ha,Global Mangrove Watch dataset for mangrove extent v4
ATG,Mangrove extent,873 ha,Global Mangrove Watch dataset for mangrove extent v4
ABW,Mangrove extent,45 ha,Global Mangrove Watch dataset for mangrove extent v4
BHR,Mangrove extent,4 ha,Global Mangrove Watch dataset for mangrove extent v4
BGD,Mangrove extent,448K ha,Global Mangrove Watch dataset for mangrove extent v4
BRB,Mangrove extent,11 ha,Global Mangrove Watch dataset for mangrove extent v4
BLZ,Mangrove extent,52K ha,Global Mangrove Watch dataset for mangrove extent v4
BEN,Mangrove extent,3K ha,Global Mangrove Watch dataset for mangrove extent v4
BMU,Mangrove extent,21 ha,Global Mangrove Watch dataset for mangrove extent v4
BES,Mangrove extent,186 ha,Global Mangrove Watch dataset for mangrove extent v4
BRA,Mangrove extent,1.14M ha,Global Mangrove Watch dataset for mangrove extent v4
VGB,Mangrove extent,100 ha,Global Mangrove Watch dataset for mangrove extent v4
BRN,Mangrove extent,11K ha,Global Mangrove Watch dataset for mangrove extent v4
KHM,Mangrove extent,62K ha,Global Mangrove Watch dataset for mangrove extent v4
CMR,Mangrove extent,197K ha,Global Mangrove Watch dataset for mangrove extent v4
CYM,Mangrove extent,4K ha,Global Mangrove Watch dataset for mangrove extent v4
COM,Mangrove extent,97 ha,Global Mangrove Watch dataset for mangrove extent v4
COK,Mangrove extent,3 ha,Global Mangrove Watch dataset for mangrove extent v4
CRI,Mangrove extent,36K ha,Global Mangrove Watch dataset for mangrove extent v4
CIV,Mangrove extent,5K ha,Global Mangrove Watch dataset for mangrove extent v4
CUB,Mangrove extent,351K ha,Global Mangrove Watch dataset for mangrove extent v4
CUW,Mangrove extent,45 ha,Global Mangrove Watch dataset for mangrove extent v4
COD,Mangrove extent,24K ha,Global Mangrove Watch dataset for mangrove extent v4
DJI,Mangrove extent,715 ha,Global Mangrove Watch dataset for mangrove extent v4
DMA,Mangrove extent,1 ha,Global Mangrove Watch dataset for mangrove extent v4
DOM,Mangrove extent,19K ha,Global Mangrove Watch dataset for mangrove extent v4
ECU,Mangrove extent,152K ha,Global Mangrove Watch dataset for mangrove extent v4
EGY,Mangrove extent,207 ha,Global Mangrove Watch dataset for mangrove extent v4
SLV,Mangrove extent,37K ha,Global Mangrove Watch dataset for mangrove extent v4
GNQ,Mangrove extent,26K ha,Global Mangrove Watch dataset for mangrove extent v4
ERI,Mangrove extent,7K ha,Global Mangrove Watch dataset for mangrove extent v4
FJI,Mangrove extent,49K ha,Global Mangrove Watch dataset for mangrove extent v4
GUF,Mangrove extent,64K ha,Global Mangrove Watch dataset for mangrove extent v4
PYF,Mangrove extent,129 ha,Global Mangrove Watch dataset for mangrove extent v4
ATF,Mangrove extent,672 ha,Global Mangrove Watch dataset for mangrove extent v4
GAB,Mangrove extent,174K ha,Global Mangrove Watch dataset for mangrove extent v4
GMB,Mangrove extent,61K ha,Global Mangrove Watch dataset for mangrove extent v4
GHA,Mangrove extent,18K ha,Global Mangrove Watch dataset for mangrove extent v4
GRD,Mangrove extent,194 ha,Global Mangrove Watch dataset for mangrove extent v4
GLP,Mangrove extent,3K ha,Global Mangrove Watch dataset for mangrove extent v4
GUM,Mangrove extent,53 ha,Global Mangrove Watch dataset for mangrove extent v4
GTM,Mangrove extent,25K ha,Global Mangrove Watch dataset for mangrove extent v4
GIN,Mangrove extent,218K ha,Global Mangrove Watch dataset for mangrove extent v4
GNB,Mangrove extent,267K ha,Global Mangrove Watch dataset for mangrove extent v4
GUY,Mangrove extent,28K ha,Global Mangrove Watch dataset for mangrove extent v4
HTI,Mangrove extent,15K ha,Global Mangrove Watch dataset for mangrove extent v4
HND,Mangrove extent,60K ha,Global Mangrove Watch dataset for mangrove extent v4
IRN,Mangrove extent,10K ha,Global Mangrove Watch dataset for mangrove extent v4
JAM,Mangrove extent,10K ha,Global Mangrove Watch dataset for mangrove extent v4
JPN,Mangrove extent,1K ha,Global Mangrove Watch dataset for mangrove extent v4
KIR,Mangrove extent,146 ha,Global Mangrove Watch dataset for mangrove extent v4
LBR,Mangrove extent,18K ha,Global Mangrove Watch dataset for mangrove extent v4
MDG,Mangrove extent,276K ha,Global Mangrove Watch dataset for mangrove extent v4
MYS,Mangrove extent,522K ha,Global Mangrove Watch dataset for mangrove extent v4
MDV,Mangrove extent,97 ha,Global Mangrove Watch dataset for mangrove extent v4
MHL,Mangrove extent,33 ha,Global Mangrove Watch dataset for mangrove extent v4
MTQ,Mangrove extent,2K ha,Global Mangrove Watch dataset for mangrove extent v4
MRT,Mangrove extent,356 ha,Global Mangrove Watch dataset for mangrove extent v4
MUS,Mangrove extent,416 ha,Global Mangrove Watch dataset for mangrove extent v4
MYT,Mangrove extent,678 ha,Global Mangrove Watch dataset for mangrove extent v4
FSM,Mangrove extent,9K ha,Global Mangrove Watch dataset for mangrove extent v4
MOZ,Mangrove extent,295K ha,Global Mangrove Watch dataset for mangrove extent v4
MMR,Mangrove extent,531K ha,Global Mangrove Watch dataset for mangrove extent v4
NCL,Mangrove extent,34K ha,Global Mangrove Watch dataset for mangrove extent v4
NZL,Mangrove extent,30K ha,Global Mangrove Watch dataset for mangrove extent v4
NIC,Mangrove extent,74K ha,Global Mangrove Watch dataset for mangrove extent v4
NGA,Mangrove extent,838K ha,Global Mangrove Watch dataset for mangrove extent v4
OMN,Mangrove extent,141 ha,Global Mangrove Watch dataset for mangrove extent v4
PAK,Mangrove extent,77K ha,Global Mangrove Watch dataset for mangrove extent v4
PLW,Mangrove extent,6K ha,Global Mangrove Watch dataset for mangrove extent v4
PAN,Mangrove extent,152K ha,Global Mangrove Watch dataset for mangrove extent v4
PNG,Mangrove extent,450K ha,Global Mangrove Watch dataset for mangrove extent v4
PER,Mangrove extent,5K ha,Global Mangrove Watch dataset for mangrove extent v4
PHL,Mangrove extent,283K ha,Global Mangrove Watch dataset for mangrove extent v4
PRI,Mangrove extent,8K ha,Global Mangrove Watch dataset for mangrove extent v4
QAT,Mangrove extent,63 ha,Global Mangrove Watch dataset for mangrove extent v4
COG,Mangrove extent,2K ha,Global Mangrove Watch dataset for mangrove extent v4
KNA,Mangrove extent,35 ha,Global Mangrove Watch dataset for mangrove extent v4
LCA,Mangrove extent,163 ha,Global Mangrove Watch dataset for mangrove extent v4
VCT,Mangrove extent,33 ha,Global Mangrove Watch dataset for mangrove extent v4
MAF,Mangrove extent,1 ha,Global Mangrove Watch dataset for mangrove extent v4
WSM,Mangrove extent,235 ha,Global Mangrove Watch dataset for mangrove extent v4
STP,Mangrove extent,48 ha,Global Mangrove Watch dataset for mangrove extent v4
SAU,Mangrove extent,6K ha,Global Mangrove Watch dataset for mangrove extent v4
SEN,Mangrove extent,126K ha,Global Mangrove Watch dataset for mangrove extent v4
SYC,Mangrove extent,384 ha,Global Mangrove Watch dataset for mangrove extent v4
SLE,Mangrove extent,150K ha,Global Mangrove Watch dataset for mangrove extent v4
SGP,Mangrove extent,706 ha,Global Mangrove Watch dataset for mangrove extent v4
SXM,Mangrove extent,5 ha,Global Mangrove Watch dataset for mangrove extent v4
SLB,Mangrove extent,53K ha,Global Mangrove Watch dataset for mangrove extent v4
SOM,Mangrove extent,3K ha,Global Mangrove Watch dataset for mangrove extent v4
ZAF,Mangrove extent,3K ha,Global Mangrove Watch dataset for mangrove extent v4
LKA,Mangrove extent,18K ha,Global Mangrove Watch dataset for mangrove extent v4
SDN,Mangrove extent,724 ha,Global Mangrove Watch dataset for mangrove extent v4
SUR,Mangrove extent,80K ha,Global Mangrove Watch dataset for mangrove extent v4
TWN,Mangrove extent,161 ha,Global Mangrove Watch dataset for mangrove extent v4
TZA,Mangrove extent,110K ha,Global Mangrove Watch dataset for mangrove extent v4
THA,Mangrove extent,252K ha,Global Mangrove Watch dataset for mangrove extent v4
TLS,Mangrove extent,1K ha,Global Mangrove Watch dataset for mangrove extent v4
TGO,Mangrove extent,53 ha,Global Mangrove Watch dataset for mangrove extent v4
TON,Mangrove extent,1K ha,Global Mangrove Watch dataset for mangrove extent v4
TTO,Mangrove extent,8K ha,Global Mangrove Watch dataset for mangrove extent v4
TCA,Mangrove extent,15K ha,Global Mangrove Watch dataset for mangrove extent v4
TUV,Mangrove extent,9 ha,Global Mangrove Watch dataset for mangrove extent v4
ARE,Mangrove extent,2K ha,Global Mangrove Watch dataset for mangrove extent v4
VUT,Mangrove extent,2K ha,Global Mangrove Watch dataset for mangrove extent v4
VEN,Mangrove extent,284K ha,Global Mangrove Watch dataset for mangrove extent v4
VNM,Mangrove extent,185K ha,Global Mangrove Watch dataset for mangrove extent v4
VIR,Mangrove extent,263 ha,Global Mangrove Watch dataset for mangrove extent v4
WLF,Mangrove extent,29 ha,Global Mangrove Watch dataset for mangrove extent v4
YEM,Mangrove extent,1K ha,Global Mangrove Watch dataset for mangrove extent v4
USA,Seagrass extent,1.44M ha,Seagrass extent from WCMC
IDN,Seagrass extent,293K ha,Seagrass extent from WCMC
AUS,Seagrass extent,8.30M ha,Seagrass extent from WCMC
BHS,Seagrass extent,225K ha,Seagrass extent from WCMC
KEN,Seagrass extent,11K ha,Seagrass extent from WCMC
MEX,Seagrass extent,958K ha,Seagrass extent from WCMC
COL,Seagrass extent,43K ha,Seagrass extent from WCMC
IND,Seagrass extent,52K ha,Seagrass extent from WCMC
CHN,Seagrass extent,8K ha,Seagrass extent from WCMC
ASM,Seagrass extent,38K ha,Seagrass extent from WCMC
AGO,Seagrass extent,60K ha,Seagrass extent from WCMC
AIA,Seagrass extent,1K ha,Seagrass extent from WCMC
ATG,Seagrass extent,25K ha,Seagrass extent from WCMC
BHR,Seagrass extent,37K ha,Seagrass extent from WCMC
BRB,Seagrass extent,9K ha,Seagrass extent from WCMC
BLZ,Seagrass extent,485K ha,Seagrass extent from WCMC
BEN,Seagrass extent,136K ha,Seagrass extent from WCMC
BMU,Seagrass extent,2K ha,Seagrass extent from WCMC
BES,Seagrass extent,382 ha,Seagrass extent from WCMC
BRA,Seagrass extent,43K ha,Seagrass extent from WCMC
VGB,Seagrass extent,4K ha,Seagrass extent from WCMC
KHM,Seagrass extent,34K ha,Seagrass extent from WCMC
CYM,Seagrass extent,6K ha,Seagrass extent from WCMC
COM,Seagrass extent,44K ha,Seagrass extent from WCMC
CRI,Seagrass extent,16 ha,Seagrass extent from WCMC
CUB,Seagrass extent,1.61M ha,Seagrass extent from WCMC
CUW,Seagrass extent,800 ha,Seagrass extent from WCMC
DMA,Seagrass extent,265 ha,Seagrass extent from WCMC
DOM,Seagrass extent,46K ha,Seagrass extent from WCMC
EGY,Seagrass extent,220K ha,Seagrass extent from WCMC
ERI,Seagrass extent,313 ha,Seagrass extent from WCMC
FJI,Seagrass extent,4K ha,Seagrass extent from WCMC
PYF,Seagrass extent,3K ha,Seagrass extent from WCMC
GHA,Seagrass extent,273K ha,Seagrass extent from WCMC
GRD,Seagrass extent,709 ha,Seagrass extent from WCMC
GLP,Seagrass extent,8K ha,Seagrass extent from WCMC
GUM,Seagrass extent,307 ha,Seagrass extent from WCMC
GTM,Seagrass extent,481 ha,Seagrass extent from WCMC
GIN,Seagrass extent,1.29M ha,Seagrass extent from WCMC
GNB,Seagrass extent,1.54M ha,Seagrass extent from WCMC
HTI,Seagrass extent,61K ha,Seagrass extent from WCMC
HND,Seagrass extent,274K ha,Seagrass extent from WCMC
IRN,Seagrass extent,271K ha,Seagrass extent from WCMC
JAM,Seagrass extent,78K ha,Seagrass extent from WCMC
JPN,Seagrass extent,47K ha,Seagrass extent from WCMC
KIR,Seagrass extent,28K ha,Seagrass extent from WCMC
MDG,Seagrass extent,579K ha,Seagrass extent from WCMC
MYS,Seagrass extent,892 ha,Seagrass extent from WCMC
MDV,Seagrass extent,238K ha,Seagrass extent from WCMC
MHL,Seagrass extent,51K ha,Seagrass extent from WCMC
MTQ,Seagrass extent,4K ha,Seagrass extent from WCMC
MUS,Seagrass extent,3K ha,Seagrass extent from WCMC
MYT,Seagrass extent,128K ha,Seagrass extent from WCMC
FSM,Seagrass extent,5K ha,Seagrass extent from WCMC
MOZ,Seagrass extent,73K ha,Seagrass extent from WCMC
MMR,Seagrass extent,426 ha,Seagrass extent from WCMC
NCL,Seagrass extent,94K ha,Seagrass extent from WCMC
NZL,Seagrass extent,29K ha,Seagrass extent from WCMC
NIC,Seagrass extent,557K ha,Seagrass extent from WCMC
NGA,Seagrass extent,888K ha,Seagrass extent from WCMC
PLW,Seagrass extent,8K ha,Seagrass extent from WCMC
PAN,Seagrass extent,180K ha,Seagrass extent from WCMC
PNG,Seagrass extent,12K ha,Seagrass extent from WCMC
PHL,Seagrass extent,98K ha,Seagrass extent from WCMC
PRI,Seagrass extent,60K ha,Seagrass extent from WCMC
QAT,Seagrass extent,132K ha,Seagrass extent from WCMC
KNA,Seagrass extent,6K ha,Seagrass extent from WCMC
LCA,Seagrass extent,665 ha,Seagrass extent from WCMC
VCT,Seagrass extent,320 ha,Seagrass extent from WCMC
MAF,Seagrass extent,7K ha,Seagrass extent from WCMC
WSM,Seagrass extent,73K ha,Seagrass extent from WCMC
SAU,Seagrass extent,37K ha,Seagrass extent from WCMC
SEN,Seagrass extent,149K ha,Seagrass extent from WCMC
SLE,Seagrass extent,445K ha,Seagrass extent from WCMC
SGP,Seagrass extent,34 ha,Seagrass extent from WCMC
SXM,Seagrass extent,3K ha,Seagrass extent from WCMC
SLB,Seagrass extent,8K ha,Seagrass extent from WCMC
ZAF,Seagrass extent,38K ha,Seagrass extent from WCMC
LKA,Seagrass extent,140K ha,Seagrass extent from WCMC
SDN,Seagrass extent,442K ha,Seagrass extent from WCMC
TWN,Seagrass extent,1K ha,Seagrass extent from WCMC
TZA,Seagrass extent,5K ha,Seagrass extent from WCMC
THA,Seagrass extent,26K ha,Seagrass extent from WCMC
TLS,Seagrass extent,4K ha,Seagrass extent from WCMC
TGO,Seagrass extent,19K ha,Seagrass extent from WCMC
TON,Seagrass extent,299K ha,Seagrass extent from WCMC
TTO,Seagrass extent,112 ha,Seagrass extent from WCMC
TCA,Seagrass extent,49K ha,Seagrass extent from WCMC
ARE,Seagrass extent,103K ha,Seagrass extent from WCMC
VUT,Seagrass extent,110K ha,Seagrass extent from WCMC
VEN,Seagrass extent,127K ha,Seagrass extent from WCMC
VNM,Seagrass extent,16K ha,Seagrass extent from WCMC
VIR,Seagrass extent,8K ha,Seagrass extent from WCMC
WLF,Seagrass extent,2K ha,Seagrass extent from WCMC
YEM,Seagrass extent,535K ha,Seagrass extent from WCMC
ITA,Seagrass extent,903K ha,Seagrass extent from WCMC
UKR,Seagrass extent,586K ha,Seagrass extent from WCMC
TUN,Seagrass extent,500K ha,Seagrass extent from WCMC
ESP,Seagrass extent,276K ha,Seagrass extent from WCMC
KWT,Seagrass extent,5K ha,Seagrass extent from WCMC
DNK,Seagrass extent,134K ha,Seagrass extent from WCMC
FRA,Seagrass extent,104K ha,Seagrass extent from WCMC
RUS,Seagrass extent,49K ha,Seagrass extent from WCMC
UMI,Seagrass extent,49K ha,Seagrass extent from WCMC
GRC,Seagrass extent,41K ha,Seagrass extent from WCMC
CAN,Seagrass extent,64K ha,Seagrass extent from WCMC
DEU,Seagrass extent,16K ha,Seagrass extent from WCMC
HRV,Seagrass extent,30K ha,Seagrass extent from WCMC
GBR,Seagrass extent,13K ha,Seagrass extent from WCMC
MLT,Seagrass extent,7K ha,Seagrass extent from WCMC
CYP,Seagrass extent,7K ha,Seagrass extent from WCMC
NOR,Seagrass extent,7K ha,Seagrass extent from WCMC
ALB,Seagrass extent,4K ha,Seagrass extent from WCMC
DZA,Seagrass extent,4K ha,Seagrass extent from WCMC
SWE,Seagrass extent,2K ha,Seagrass extent from WCMC
ISR,Seagrass extent,2K ha,Seagrass extent from WCMC
MSR,Seagrass extent,1K ha,Seagrass extent from WCMC
LBY,Seagrass extent,1K ha,Seagrass extent from WCMC
NLD,Seagrass extent,276 ha,Seagrass extent from WCMC
POL,Seagrass extent,265 ha,Seagrass extent from WCMC
TUR,Seagrass extent,231 ha,Seagrass extent from WCMC
JOR,Seagrass extent,137 ha,Seagrass extent from WCMC
HKG,Seagrass extent,16 ha,Seagrass extent from WCMC
SVN,Seagrass extent,8 ha,Seagrass extent from WCMC
ARG,Seagrass extent,100 ha,Seagrass extent from WCMC
BGR,Seagrass extent,295 ha,Seagrass extent from WCMC
CPV,Seagrass extent,0 ha,Seagrass extent from WCMC
CHL,Seagrass extent,200 ha,Seagrass extent from WCMC
EST,Seagrass extent,16K ha,Seagrass extent from WCMC
FIN,Seagrass extent,3K ha,Seagrass extent from WCMC
ISL,Seagrass extent,500 ha,Seagrass extent from WCMC
IRL,Seagrass extent,2K ha,Seagrass extent from WCMC
KOR,Seagrass extent,7K ha,Seagrass extent from WCMC
MNP,Seagrass extent,670 ha,Seagrass extent from WCMC
PRT,Seagrass extent,2K ha,Seagrass extent from WCMC
REU,Seagrass extent,1 ha,Seagrass extent from WCMC
USA,Salt marsh extent,1.85M ha,Salt marsh extent from WCMC
IDN,Salt marsh extent,17K ha,Salt marsh extent from WCMC
AUS,Salt marsh extent,208K ha,Salt marsh extent from WCMC
BHS,Salt marsh extent,12K ha,Salt marsh extent from WCMC
KEN,Salt marsh extent,157 ha,Salt marsh extent from WCMC
MEX,Salt marsh extent,119K ha,Salt marsh extent from WCMC
COL,Salt marsh extent,5K ha,Salt marsh extent from WCMC
IND,Salt marsh extent,5K ha,Salt marsh extent from WCMC
CHN,Salt marsh extent,117K ha,Salt marsh extent from WCMC
AGO,Salt marsh extent,2K ha,Salt marsh extent from WCMC
ATG,Salt marsh extent,38 ha,Salt marsh extent from WCMC
BGD,Salt marsh extent,20K ha,Salt marsh extent from WCMC
BLZ,Salt marsh extent,6K ha,Salt marsh extent from WCMC
BEN,Salt marsh extent,5K ha,Salt marsh extent from WCMC
BRA,Salt marsh extent,107K ha,Salt marsh extent from WCMC
BRN,Salt marsh extent,34 ha,Salt marsh extent from WCMC
KHM,Salt marsh extent,2K ha,Salt marsh extent from WCMC
CYM,Salt marsh extent,133 ha,Salt marsh extent from WCMC
COM,Salt marsh extent,12 ha,Salt marsh extent from WCMC
CRI,Salt marsh extent,2K ha,Salt marsh extent from WCMC
CIV,Salt marsh extent,255 ha,Salt marsh extent from WCMC
CUB,Salt marsh extent,78K ha,Salt marsh extent from WCMC
COD,Salt marsh extent,213 ha,Salt marsh extent from WCMC
DOM,Salt marsh extent,2K ha,Salt marsh extent from WCMC
ECU,Salt marsh extent,95 ha,Salt marsh extent from WCMC
EGY,Salt marsh extent,18K ha,Salt marsh extent from WCMC
SLV,Salt marsh extent,376 ha,Salt marsh extent from WCMC
GNQ,Salt marsh extent,22 ha,Salt marsh extent from WCMC
GUF,Salt marsh extent,478 ha,Salt marsh extent from WCMC
GAB,Salt marsh extent,3K ha,Salt marsh extent from WCMC
GMB,Salt marsh extent,4K ha,Salt marsh extent from WCMC
GHA,Salt marsh extent,2K ha,Salt marsh extent from WCMC
GTM,Salt marsh extent,1K ha,Salt marsh extent from WCMC
GIN,Salt marsh extent,328 ha,Salt marsh extent from WCMC
GNB,Salt marsh extent,7K ha,Salt marsh extent from WCMC
GUY,Salt marsh extent,3K ha,Salt marsh extent from WCMC
HTI,Salt marsh extent,4K ha,Salt marsh extent from WCMC
HND,Salt marsh extent,39K ha,Salt marsh extent from WCMC
IRN,Salt marsh extent,1K ha,Salt marsh extent from WCMC
JAM,Salt marsh extent,2K ha,Salt marsh extent from WCMC
JPN,Salt marsh extent,26K ha,Salt marsh extent from WCMC
LBR,Salt marsh extent,54 ha,Salt marsh extent from WCMC
MDG,Salt marsh extent,15K ha,Salt marsh extent from WCMC
MYS,Salt marsh extent,365 ha,Salt marsh extent from WCMC
MRT,Salt marsh extent,3K ha,Salt marsh extent from WCMC
MOZ,Salt marsh extent,134K ha,Salt marsh extent from WCMC
MMR,Salt marsh extent,12K ha,Salt marsh extent from WCMC
NCL,Salt marsh extent,136 ha,Salt marsh extent from WCMC
NZL,Salt marsh extent,24K ha,Salt marsh extent from WCMC
NIC,Salt marsh extent,56K ha,Salt marsh extent from WCMC
NGA,Salt marsh extent,2K ha,Salt marsh extent from WCMC
OMN,Salt marsh extent,85 ha,Salt marsh extent from WCMC
PAK,Salt marsh extent,194 ha,Salt marsh extent from WCMC
PAN,Salt marsh extent,245 ha,Salt marsh extent from WCMC
PNG,Salt marsh extent,5K ha,Salt marsh extent from WCMC
PER,Salt marsh extent,1K ha,Salt marsh extent from WCMC
PHL,Salt marsh extent,728 ha,Salt marsh extent from WCMC
PRI,Salt marsh extent,231 ha,Salt marsh extent from WCMC
QAT,Salt marsh extent,65 ha,Salt marsh extent from WCMC
COG,Salt marsh extent,178 ha,Salt marsh extent from WCMC
SAU,Salt marsh extent,191 ha,Salt marsh extent from WCMC
SEN,Salt marsh extent,5K ha,Salt marsh extent from WCMC
SLE,Salt marsh extent,2K ha,Salt marsh extent from WCMC
SOM,Salt marsh extent,27 ha,Salt marsh extent from WCMC
ZAF,Salt marsh extent,9K ha,Salt marsh extent from WCMC
LKA,Salt marsh extent,615 ha,Salt marsh extent from WCMC
SUR,Salt marsh extent,4K ha,Salt marsh extent from WCMC
TWN,Salt marsh extent,224 ha,Salt marsh extent from WCMC
TZA,Salt marsh extent,595 ha,Salt marsh extent from WCMC
THA,Salt marsh extent,2K ha,Salt marsh extent from WCMC
TLS,Salt marsh extent,30 ha,Salt marsh extent from WCMC
TGO,Salt marsh extent,523 ha,Salt marsh extent from WCMC
TON,Salt marsh extent,10 ha,Salt marsh extent from WCMC
TTO,Salt marsh extent,60 ha,Salt marsh extent from WCMC
TCA,Salt marsh extent,37 ha,Salt marsh extent from WCMC
ARE,Salt marsh extent,737 ha,Salt marsh extent from WCMC
VUT,Salt marsh extent,14 ha,Salt marsh extent from WCMC
VEN,Salt marsh extent,17K ha,Salt marsh extent from WCMC
VNM,Salt marsh extent,1K ha,Salt marsh extent from WCMC
ITA,Salt marsh extent,23K ha,Salt marsh extent from WCMC
UKR,Salt marsh extent,92K ha,Salt marsh extent from WCMC
TUN,Salt marsh extent,5K ha,Salt marsh extent from WCMC
ESP,Salt marsh extent,34K ha,Salt marsh extent from WCMC
KWT,Salt marsh extent,89 ha,Salt marsh extent from WCMC
DNK,Salt marsh extent,26K ha,Salt marsh extent from WCMC
FRA,Salt marsh extent,67K ha,Salt marsh extent from WCMC
RUS,Salt marsh extent,941K ha,Salt marsh extent from WCMC
GRC,Salt marsh extent,21K ha,Salt marsh extent from WCMC
CAN,Salt marsh extent,6.82M ha,Salt marsh extent from WCMC
DEU,Salt marsh extent,35K ha,Salt marsh extent from WCMC
HRV,Salt marsh extent,5K ha,Salt marsh extent from WCMC
GBR,Salt marsh extent,53K ha,Salt marsh extent from WCMC
CYP,Salt marsh extent,298 ha,Salt marsh extent from WCMC
NOR,Salt marsh extent,5K ha,Salt marsh extent from WCMC
ALB,Salt marsh extent,8K ha,Salt marsh extent from WCMC
DZA,Salt marsh extent,3K ha,Salt marsh extent from WCMC
SWE,Salt marsh extent,12K ha,Salt marsh extent from WCMC
ISR,Salt marsh extent,9 ha,Salt marsh extent from WCMC
LBY,Salt marsh extent,201 ha,Salt marsh extent from WCMC
NLD,Salt marsh extent,18K ha,Salt marsh extent from WCMC
POL,Salt marsh extent,16K ha,Salt marsh extent from WCMC
TUR,Salt marsh extent,25K ha,Salt marsh extent from WCMC
SVN,Salt marsh extent,130 ha,Salt marsh extent from WCMC
ARG,Salt marsh extent,243K ha,Salt marsh extent from WCMC
BEL,Salt marsh extent,545 ha,Salt marsh extent from WCMC
BIH,Salt marsh extent,593 ha,Salt marsh extent from WCMC
BGR,Salt marsh extent,2K ha,Salt marsh extent from WCMC
CHL,Salt marsh extent,46K ha,Salt marsh extent from WCMC
EST,Salt marsh extent,27K ha,Salt marsh extent from WCMC
FLK,Salt marsh extent,651 ha,Salt marsh extent from WCMC
FIN,Salt marsh extent,13K ha,Salt marsh extent from WCMC
GEO,Salt marsh extent,7K ha,Salt marsh extent from WCMC
GRL,Salt marsh extent,391K ha,Salt marsh extent from WCMC
IRQ,Salt marsh extent,139 ha,Salt marsh extent from WCMC
IRL,Salt marsh extent,13K ha,Salt marsh extent from WCMC
PRK,Salt marsh extent,8K ha,Salt marsh extent from WCMC
KOR,Salt marsh extent,18K ha,Salt marsh extent from WCMC
LVA,Salt marsh extent,16K ha,Salt marsh extent from WCMC
LTU,Salt marsh extent,4K ha,Salt marsh extent from WCMC
MNE,Salt marsh extent,3K ha,Salt marsh extent from WCMC
MAR,Salt marsh extent,4K ha,Salt marsh extent from WCMC
NAM,Salt marsh extent,395 ha,Salt marsh extent from WCMC
PRT,Salt marsh extent,16K ha,Salt marsh extent from WCMC
REU,Salt marsh extent,19 ha,Salt marsh extent from WCMC
ROU,Salt marsh extent,67K ha,Salt marsh extent from WCMC
SYR,Salt marsh extent,11 ha,Salt marsh extent from WCMC
URY,Salt marsh extent,29K ha,Salt marsh extent from WCMC
ESH,Salt marsh extent,26 ha,Salt marsh extent from WCMC
USA,Mangrove loss rate,-0.89%/yr,Global Mangrove Watch dataset for mangrove protected extent
IDN,Mangrove loss rate,-0.37%/yr,Global Mangrove Watch dataset for mangrove protected extent
AUS,Mangrove loss rate,-0.15%/yr,Global Mangrove Watch dataset for mangrove protected extent
BHS,Mangrove loss rate,-0.73%/yr,Global Mangrove Watch dataset for mangrove protected extent
KEN,Mangrove loss rate,-0.28%/yr,Global Mangrove Watch dataset for mangrove protected extent
MEX,Mangrove loss rate,-0.55%/yr,Global Mangrove Watch dataset for mangrove protected extent
COL,Mangrove loss rate,-0.39%/yr,Global Mangrove Watch dataset for mangrove protected extent
IND,Mangrove loss rate,-0.16%/yr,Global Mangrove Watch dataset for mangrove protected extent
CHN,Mangrove loss rate,-0.03%/yr,Global Mangrove Watch dataset for mangrove protected extent
ASM,Mangrove loss rate,0.00%/yr,Global Mangrove Watch dataset for mangrove protected extent
AGO,Mangrove loss rate,-0.15%/yr,Global Mangrove Watch dataset for mangrove protected extent
AIA,Mangrove loss rate,-4.41%/yr,Global Mangrove Watch dataset for mangrove protected extent
ATG,Mangrove loss rate,-0.17%/yr,Global Mangrove Watch dataset for mangrove protected extent
ABW,Mangrove loss rate,-2.39%/yr,Global Mangrove Watch dataset for mangrove protected extent
BHR,Mangrove loss rate,-0.03%/yr,Global Mangrove Watch dataset for mangrove protected extent
BGD,Mangrove loss rate,-0.03%/yr,Global Mangrove Watch dataset for mangrove protected extent
BRB,Mangrove loss rate,0.00%/yr,Global Mangrove Watch dataset for mangrove protected extent
BLZ,Mangrove loss rate,-0.47%/yr,Global Mangrove Watch dataset for mangrove protected extent
BEN,Mangrove loss rate,0.80%/yr,Global Mangrove Watch dataset for mangrove protected extent
BES,Mangrove loss rate,-41.12%/yr,Global Mangrove Watch dataset for mangrove protected extent
BRA,Mangrove loss rate,-0.23%/yr,Global Mangrove Watch dataset for mangrove protected extent
VGB,Mangrove loss rate,-0.03%/yr,Global Mangrove Watch dataset for mangrove protected extent
BRN,Mangrove loss rate,-0.15%/yr,Global Mangrove Watch dataset for mangrove protected extent
KHM,Mangrove loss rate,-0.38%/yr,Global Mangrove Watch dataset for mangrove protected extent
CMR,Mangrove loss rate,-0.03%/yr,Global Mangrove Watch dataset for mangrove protected extent
CYM,Mangrove loss rate,-0.22%/yr,Global Mangrove Watch dataset for mangrove protected extent
COM,Mangrove loss rate,0.00%/yr,Global Mangrove Watch dataset for mangrove protected extent
CRI,Mangrove loss rate,-0.18%/yr,Global Mangrove Watch dataset for mangrove protected extent
CIV,Mangrove loss rate,-0.41%/yr,Global Mangrove Watch dataset for mangrove protected extent
CUB,Mangrove loss rate,-0.21%/yr,Global Mangrove Watch dataset for mangrove protected extent
CUW,Mangrove loss rate,-7.21%/yr,Global Mangrove Watch dataset for mangrove protected extent
COD,Mangrove loss rate,-0.17%/yr,Global Mangrove Watch dataset for mangrove protected extent
DJI,Mangrove loss rate,-0.05%/yr,Global Mangrove Watch dataset for mangrove protected extent
DMA,Mangrove loss rate,0.00%/yr,Global Mangrove Watch dataset for mangrove protected extent
DOM,Mangrove loss rate,-0.21%/yr,Global Mangrove Watch dataset for mangrove protected extent
ECU,Mangrove loss rate,-0.40%/yr,Global Mangrove Watch dataset for mangrove protected extent
EGY,Mangrove loss rate,-0.59%/yr,Global Mangrove Watch dataset for mangrove protected extent
SLV,Mangrove loss rate,-0.16%/yr,Global Mangrove Watch dataset for mangrove protected extent
GNQ,Mangrove loss rate,-0.06%/yr,Global Mangrove Watch dataset for mangrove protected extent
ERI,Mangrove loss rate,-0.09%/yr,Global Mangrove Watch dataset for mangrove protected extent
FJI,Mangrove loss rate,-0.06%/yr,Global Mangrove Watch dataset for mangrove protected extent
GUF,Mangrove loss rate,0.23%/yr,Global Mangrove Watch dataset for mangrove protected extent
GAB,Mangrove loss rate,-0.10%/yr,Global Mangrove Watch dataset for mangrove protected extent
GMB,Mangrove loss rate,0.05%/yr,Global Mangrove Watch dataset for mangrove protected extent
GHA,Mangrove loss rate,-0.15%/yr,Global Mangrove Watch dataset for mangrove protected extent
GRD,Mangrove loss rate,-0.02%/yr,Global Mangrove Watch dataset for mangrove protected extent
GLP,Mangrove loss rate,0.04%/yr,Global Mangrove Watch dataset for mangrove protected extent
GTM,Mangrove loss rate,-0.06%/yr,Global Mangrove Watch dataset for mangrove protected extent
GIN,Mangrove loss rate,-0.04%/yr,Global Mangrove Watch dataset for mangrove protected extent
GNB,Mangrove loss rate,0.02%/yr,Global Mangrove Watch dataset for mangrove protected extent
GUY,Mangrove loss rate,0.02%/yr,Global Mangrove Watch dataset for mangrove protected extent
HTI,Mangrove loss rate,-0.65%/yr,Global Mangrove Watch dataset for mangrove protected extent
HND,Mangrove loss rate,-0.58%/yr,Global Mangrove Watch dataset for mangrove protected extent
IRN,Mangrove loss rate,-0.73%/yr,Global Mangrove Watch dataset for mangrove protected extent
JAM,Mangrove loss rate,-0.14%/yr,Global Mangrove Watch dataset for mangrove protected extent
JPN,Mangrove loss rate,-0.08%/yr,Global Mangrove Watch dataset for mangrove protected extent
LBR,Mangrove loss rate,-0.09%/yr,Global Mangrove Watch dataset for mangrove protected extent
MDG,Mangrove loss rate,-0.08%/yr,Global Mangrove Watch dataset for mangrove protected extent
MYS,Mangrove loss rate,-0.13%/yr,Global Mangrove Watch dataset for mangrove protected extent
MTQ,Mangrove loss rate,0.03%/yr,Global Mangrove Watch dataset for mangrove protected extent
MUS,Mangrove loss rate,-0.09%/yr,Global Mangrove Watch dataset for mangrove protected extent
MYT,Mangrove loss rate,0.02%/yr,Global Mangrove Watch dataset for mangrove protected extent
FSM,Mangrove loss rate,0.02%/yr,Global Mangrove Watch dataset for mangrove protected extent
MOZ,Mangrove loss rate,-0.47%/yr,Global Mangrove Watch dataset for mangrove protected extent
MMR,Mangrove loss rate,-0.44%/yr,Global Mangrove Watch dataset for mangrove protected extent
NCL,Mangrove loss rate,-0.15%/yr,Global Mangrove Watch dataset for mangrove protected extent
NZL,Mangrove loss rate,-0.23%/yr,Global Mangrove Watch dataset for mangrove protected extent
NIC,Mangrove loss rate,-0.32%/yr,Global Mangrove Watch dataset for mangrove protected extent
NGA,Mangrove loss rate,-0.07%/yr,Global Mangrove Watch dataset for mangrove protected extent
OMN,Mangrove loss rate,-0.47%/yr,Global Mangrove Watch dataset for mangrove protected extent
PAK,Mangrove loss rate,-0.21%/yr,Global Mangrove Watch dataset for mangrove protected extent
PLW,Mangrove loss rate,0.00%/yr,Global Mangrove Watch dataset for mangrove protected extent
PAN,Mangrove loss rate,-0.13%/yr,Global Mangrove Watch dataset for mangrove protected extent
PNG,Mangrove loss rate,-0.06%/yr,Global Mangrove Watch dataset for mangrove protected extent
PHL,Mangrove loss rate,-0.32%/yr,Global Mangrove Watch dataset for mangrove protected extent
PRI,Mangrove loss rate,-0.18%/yr,Global Mangrove Watch dataset for mangrove protected extent
QAT,Mangrove loss rate,-0.59%/yr,Global Mangrove Watch dataset for mangrove protected extent
KNA,Mangrove loss rate,-0.05%/yr,Global Mangrove Watch dataset for mangrove protected extent
LCA,Mangrove loss rate,-0.04%/yr,Global Mangrove Watch dataset for mangrove protected extent
VCT,Mangrove loss rate,0.00%/yr,Global Mangrove Watch dataset for mangrove protected extent
MAF,Mangrove loss rate,0.00%/yr,Global Mangrove Watch dataset for mangrove protected extent
WSM,Mangrove loss rate,0.00%/yr,Global Mangrove Watch dataset for mangrove protected extent
STP,Mangrove loss rate,1.60%/yr,Global Mangrove Watch dataset for mangrove protected extent
SAU,Mangrove loss rate,-0.41%/yr,Global Mangrove Watch dataset for mangrove protected extent
SEN,Mangrove loss rate,-0.19%/yr,Global Mangrove Watch dataset for mangrove protected extent
SYC,Mangrove loss rate,0.23%/yr,Global Mangrove Watch dataset for mangrove protected extent
SLE,Mangrove loss rate,-0.02%/yr,Global Mangrove Watch dataset for mangrove protected extent
SLB,Mangrove loss rate,-0.08%/yr,Global Mangrove Watch dataset for mangrove protected extent
SOM,Mangrove loss rate,-0.18%/yr,Global Mangrove Watch dataset for mangrove protected extent
ZAF,Mangrove loss rate,-0.33%/yr,Global Mangrove Watch dataset for mangrove protected extent
LKA,Mangrove loss rate,-0.57%/yr,Global Mangrove Watch dataset for mangrove protected extent
SDN,Mangrove loss rate,-0.04%/yr,Global Mangrove Watch dataset for mangrove protected extent
SUR,Mangrove loss rate,-0.08%/yr,Global Mangrove Watch dataset for mangrove protected extent
TWN,Mangrove loss rate,-2.88%/yr,Global Mangrove Watch dataset for mangrove protected extent
TZA,Mangrove loss rate,-0.21%/yr,Global Mangrove Watch dataset for mangrove protected extent
THA,Mangrove loss rate,-0.26%/yr,Global Mangrove Watch dataset for mangrove protected extent
TLS,Mangrove loss rate,-0.34%/yr,Global Mangrove Watch dataset for mangrove protected extent
TON,Mangrove loss rate,-0.19%/yr,Global Mangrove Watch dataset for mangrove protected extent
TTO,Mangrove loss rate,-0.40%/yr,Global Mangrove Watch dataset for mangrove protected extent
TCA,Mangrove loss rate,-0.60%/yr,Global Mangrove Watch dataset for mangrove protected extent
ARE,Mangrove loss rate,-0.40%/yr,Global Mangrove Watch dataset for mangrove protected extent
VUT,Mangrove loss rate,-0.02%/yr,Global Mangrove Watch dataset for mangrove protected extent
VEN,Mangrove loss rate,0.11%/yr,Global Mangrove Watch dataset for mangrove protected extent
VNM,Mangrove loss rate,-0.39%/yr,Global Mangrove Watch dataset for mangrove protected extent
VIR,Mangrove loss rate,-0.05%/yr,Global Mangrove Watch dataset for mangrove protected extent
YEM,Mangrove loss rate,0.03%/yr,Global Mangrove Watch dataset for mangrove protected extent
HKG,Mangrove loss rate,0.10%/yr,Global Mangrove Watch dataset for mangrove protected extent
USA,Seagrass loss rate,-0.14%/yr,Global Mangrove Watch
IDN,Seagrass loss rate,-0.14%/yr,Global Mangrove Watch
AUS,Seagrass loss rate,-0.14%/yr,Global Mangrove Watch
BHS,Seagrass loss rate,-0.14%/yr,Global Mangrove Watch
KEN,Seagrass loss rate,-0.14%/yr,Global Mangrove Watch
MEX,Seagrass loss rate,-0.14%/yr,Global Mangrove Watch
COL,Seagrass loss rate,-0.14%/yr,Global Mangrove Watch
IND,Seagrass loss rate,-0.14%/yr,Global Mangrove Watch
CHN,Seagrass loss rate,-0.14%/yr,Global Mangrove Watch
ASM,Seagrass loss rate,-0.14%/yr,Global Mangrove Watch
AGO,Seagrass loss rate,-0.14%/yr,Global Mangrove Watch
AIA,Seagrass loss rate,-0.14%/yr,Global Mangrove Watch
ATG,Seagrass loss rate,-0.14%/yr,Global Mangrove Watch
ABW,Seagrass loss rate,-0.14%/yr,Global Mangrove Watch
BHR,Seagrass loss rate,-0.14%/yr,Global Mangrove Watch
BGD,Seagrass loss rate,-0.14%/yr,Global Mangrove Watch
BRB,Seagrass loss rate,-0.14%/yr,Global Mangrove Watch
BLZ,Seagrass loss rate,-0.14%/yr,Global Mangrove Watch
BEN,Seagrass loss rate,-0.14%/yr,Global Mangrove Watch
BMU,Seagrass loss rate,-0.14%/yr,Global Mangrove Watch
BES,Seagrass loss rate,-0.14%/yr,Global Mangrove Watch
BRA,Seagrass loss rate,-0.14%/yr,Global Mangrove Watch
VGB,Seagrass loss rate,-0.14%/yr,Global Mangrove Watch
BRN,Seagrass loss rate,-0.14%/yr,Global Mangrove Watch
KHM,Seagrass loss rate,-0.14%/yr,Global Mangrove Watch
CMR,Seagrass loss rate,-0.14%/yr,Global Mangrove Watch
CYM,Seagrass loss rate,-0.14%/yr,Global Mangrove Watch
COM,Seagrass loss rate,-0.14%/yr,Global Mangrove Watch
COK,Seagrass loss rate,-0.14%/yr,Global Mangrove Watch
CRI,Seagrass loss rate,-0.14%/yr,Global Mangrove Watch
CIV,Seagrass loss rate,-0.14%/yr,Global Mangrove Watch
CUB,Seagrass loss rate,-0.14%/yr,Global Mangrove Watch
CUW,Seagrass loss rate,-0.14%/yr,Global Mangrove Watch
COD,Seagrass loss rate,-0.14%/yr,Global Mangrove Watch
DJI,Seagrass loss rate,-0.14%/yr,Global Mangrove Watch
DMA,Seagrass loss rate,-0.14%/yr,Global Mangrove Watch
DOM,Seagrass loss rate,-0.14%/yr,Global Mangrove Watch
ECU,Seagrass loss rate,-0.14%/yr,Global Mangrove Watch
EGY,Seagrass loss rate,-0.14%/yr,Global Mangrove Watch
SLV,Seagrass loss rate,-0.14%/yr,Global Mangrove Watch
GNQ,Seagrass loss rate,-0.14%/yr,Global Mangrove Watch
ERI,Seagrass loss rate,-0.14%/yr,Global Mangrove Watch
FJI,Seagrass loss rate,-0.14%/yr,Global Mangrove Watch
GUF,Seagrass loss rate,-0.14%/yr,Global Mangrove Watch
PYF,Seagrass loss rate,-0.14%/yr,Global Mangrove Watch
ATF,Seagrass loss rate,-0.14%/yr,Global Mangrove Watch
GAB,Seagrass loss rate,-0.14%/yr,Global Mangrove Watch
GMB,Seagrass loss rate,-0.14%/yr,Global Mangrove Watch
GHA,Seagrass loss rate,-0.14%/yr,Global Mangrove Watch
GRD,Seagrass loss rate,-0.14%/yr,Global Mangrove Watch
GLP,Seagrass loss rate,-0.14%/yr,Global Mangrove Watch
GUM,Seagrass loss rate,-0.14%/yr,Global Mangrove Watch
GTM,Seagrass loss rate,-0.14%/yr,Global Mangrove Watch
GIN,Seagrass loss rate,-0.14%/yr,Global Mangrove Watch
GNB,Seagrass loss rate,-0.14%/yr,Global Mangrove Watch
GUY,Seagrass loss rate,-0.14%/yr,Global Mangrove Watch
HTI,Seagrass loss rate,-0.14%/yr,Global Mangrove Watch
HND,Seagrass loss rate,-0.14%/yr,Global Mangrove Watch
IRN,Seagrass loss rate,-0.14%/yr,Global Mangrove Watch
JAM,Seagrass loss rate,-0.14%/yr,Global Mangrove Watch
JPN,Seagrass loss rate,-0.14%/yr,Global Mangrove Watch
KIR,Seagrass loss rate,-0.14%/yr,Global Mangrove Watch
LBR,Seagrass loss rate,-0.14%/yr,Global Mangrove Watch
MDG,Seagrass loss rate,-0.14%/yr,Global Mangrove Watch
MYS,Seagrass loss rate,-0.14%/yr,Global Mangrove Watch
MDV,Seagrass loss rate,-0.14%/yr,Global Mangrove Watch
MHL,Seagrass loss rate,-0.14%/yr,Global Mangrove Watch
MTQ,Seagrass loss rate,-0.14%/yr,Global Mangrove Watch
MRT,Seagrass loss rate,-0.14%/yr,Global Mangrove Watch
MUS,Seagrass loss rate,-0.14%/yr,Global Mangrove Watch
MYT,Seagrass loss rate,-0.14%/yr,Global Mangrove Watch
FSM,Seagrass loss rate,-0.14%/yr,Global Mangrove Watch
MOZ,Seagrass loss rate,-0.14%/yr,Global Mangrove Watch
MMR,Seagrass loss rate,-0.14%/yr,Global Mangrove Watch
NCL,Seagrass loss rate,-0.14%/yr,Global Mangrove Watch
NZL,Seagrass loss rate,-0.14%/yr,Global Mangrove Watch
NIC,Seagrass loss rate,-0.14%/yr,Global Mangrove Watch
NGA,Seagrass loss rate,-0.14%/yr,Global Mangrove Watch
OMN,Seagrass loss rate,-0.14%/yr,Global Mangrove Watch
PAK,Seagrass loss rate,-0.14%/yr,Global Mangrove Watch
PLW,Seagrass loss rate,-0.14%/yr,Global Mangrove Watch
PAN,Seagrass loss rate,-0.14%/yr,Global Mangrove Watch
PNG,Seagrass loss rate,-0.14%/yr,Global Mangrove Watch
PER,Seagrass loss rate,-0.14%/yr,Global Mangrove Watch
PHL,Seagrass loss rate,-0.14%/yr,Global Mangrove Watch
PRI,Seagrass loss rate,-0.14%/yr,Global Mangrove Watch
QAT,Seagrass loss rate,-0.14%/yr,Global Mangrove Watch
COG,Seagrass loss rate,-0.14%/yr,Global Mangrove Watch
KNA,Seagrass loss rate,-0.14%/yr,Global Mangrove Watch
LCA,Seagrass loss rate,-0.14%/yr,Global Mangrove Watch
VCT,Seagrass loss rate,-0.14%/yr,Global Mangrove Watch
MAF,Seagrass loss rate,-0.14%/yr,Global Mangrove Watch
WSM,Seagrass loss rate,-0.14%/yr,Global Mangrove Watch
STP,Seagrass loss rate,-0.14%/yr,Global Mangrove Watch
SAU,Seagrass loss rate,-0.14%/yr,Global Mangrove Watch
SEN,Seagrass loss rate,-0.14%/yr,Global Mangrove Watch
SYC,Seagrass loss rate,-0.14%/yr,Global Mangrove Watch
SLE,Seagrass loss rate,-0.14%/yr,Global Mangrove Watch
SGP,Seagrass loss rate,-0.14%/yr,Global Mangrove Watch
SXM,Seagrass loss rate,-0.14%/yr,Global Mangrove Watch
SLB,Seagrass loss rate,-0.14%/yr,Global Mangrove Watch
SOM,Seagrass loss rate,-0.14%/yr,Global Mangrove Watch
ZAF,Seagrass loss rate,-0.14%/yr,Global Mangrove Watch
LKA,Seagrass loss rate,-0.14%/yr,Global Mangrove Watch
SDN,Seagrass loss rate,-0.14%/yr,Global Mangrove Watch
SUR,Seagrass loss rate,-0.14%/yr,Global Mangrove Watch
TWN,Seagrass loss rate,-0.14%/yr,Global Mangrove Watch
TZA,Seagrass loss rate,-0.14%/yr,Global Mangrove Watch
THA,Seagrass loss rate,-0.14%/yr,Global Mangrove Watch
TLS,Seagrass loss rate,-0.14%/yr,Global Mangrove Watch
TGO,Seagrass loss rate,-0.14%/yr,Global Mangrove Watch
TON,Seagrass loss rate,-0.14%/yr,Global Mangrove Watch
TTO,Seagrass loss rate,-0.14%/yr,Global Mangrove Watch
TCA,Seagrass loss rate,-0.14%/yr,Global Mangrove Watch
TUV,Seagrass loss rate,-0.14%/yr,Global Mangrove Watch
ARE,Seagrass loss rate,-0.14%/yr,Global Mangrove Watch
VUT,Seagrass loss rate,-0.14%/yr,Global Mangrove Watch
VEN,Seagrass loss rate,-0.14%/yr,Global Mangrove Watch
VNM,Seagrass loss rate,-0.14%/yr,Global Mangrove Watch
VIR,Seagrass loss rate,-0.14%/yr,Global Mangrove Watch
WLF,Seagrass loss rate,-0.14%/yr,Global Mangrove Watch
YEM,Seagrass loss rate,-0.14%/yr,Global Mangrove Watch
ITA,Seagrass loss rate,-0.14%/yr,Global Mangrove Watch
UKR,Seagrass loss rate,-0.14%/yr,Global Mangrove Watch
TUN,Seagrass loss rate,-0.14%/yr,Global Mangrove Watch
ESP,Seagrass loss rate,-0.14%/yr,Global Mangrove Watch
KWT,Seagrass loss rate,-0.14%/yr,Global Mangrove Watch
DNK,Seagrass loss rate,-0.14%/yr,Global Mangrove Watch
FRA,Seagrass loss rate,-0.14%/yr,Global Mangrove Watch
RUS,Seagrass loss rate,-0.14%/yr,Global Mangrove Watch
UMI,Seagrass loss rate,-0.14%/yr,Global Mangrove Watch
GRC,Seagrass loss rate,-0.14%/yr,Global Mangrove Watch
CAN,Seagrass loss rate,-0.14%/yr,Global Mangrove Watch
DEU,Seagrass loss rate,-0.14%/yr,Global Mangrove Watch
HRV,Seagrass loss rate,-0.14%/yr,Global Mangrove Watch
GBR,Seagrass loss rate,-0.14%/yr,Global Mangrove Watch
MLT,Seagrass loss rate,-0.14%/yr,Global Mangrove Watch
CYP,Seagrass loss rate,-0.14%/yr,Global Mangrove Watch
NOR,Seagrass loss rate,-0.14%/yr,Global Mangrove Watch
ALB,Seagrass loss rate,-0.14%/yr,Global Mangrove Watch
DZA,Seagrass loss rate,-0.14%/yr,Global Mangrove Watch
SWE,Seagrass loss rate,-0.14%/yr,Global Mangrove Watch
ISR,Seagrass loss rate,-0.14%/yr,Global Mangrove Watch
MSR,Seagrass loss rate,-0.14%/yr,Global Mangrove Watch
LBY,Seagrass loss rate,-0.14%/yr,Global Mangrove Watch
NLD,Seagrass loss rate,-0.14%/yr,Global Mangrove Watch
POL,Seagrass loss rate,-0.14%/yr,Global Mangrove Watch
TUR,Seagrass loss rate,-0.14%/yr,Global Mangrove Watch
JOR,Seagrass loss rate,-0.14%/yr,Global Mangrove Watch
HKG,Seagrass loss rate,-0.14%/yr,Global Mangrove Watch
SVN,Seagrass loss rate,-0.14%/yr,Global Mangrove Watch
ARG,Seagrass loss rate,-0.14%/yr,Global Mangrove Watch
AZE,Seagrass loss rate,-0.14%/yr,Global Mangrove Watch
BEL,Seagrass loss rate,-0.14%/yr,Global Mangrove Watch
BIH,Seagrass loss rate,-0.14%/yr,Global Mangrove Watch
IOT,Seagrass loss rate,-0.14%/yr,Global Mangrove Watch
BGR,Seagrass loss rate,-0.14%/yr,Global Mangrove Watch
CPV,Seagrass loss rate,-0.14%/yr,Global Mangrove Watch
CHL,Seagrass loss rate,-0.14%/yr,Global Mangrove Watch
EST,Seagrass loss rate,-0.14%/yr,Global Mangrove Watch
FLK,Seagrass loss rate,-0.14%/yr,Global Mangrove Watch
FRO,Seagrass loss rate,-0.14%/yr,Global Mangrove Watch
FIN,Seagrass loss rate,-0.14%/yr,Global Mangrove Watch
GEO,Seagrass loss rate,-0.14%/yr,Global Mangrove Watch
GIB,Seagrass loss rate,-0.14%/yr,Global Mangrove Watch
GRL,Seagrass loss rate,-0.14%/yr,Global Mangrove Watch
GGY,Seagrass loss rate,-0.14%/yr,Global Mangrove Watch
ISL,Seagrass loss rate,-0.14%/yr,Global Mangrove Watch
IRQ,Seagrass loss rate,-0.14%/yr,Global Mangrove Watch
IRL,Seagrass loss rate,-0.14%/yr,Global Mangrove Watch
IMN,Seagrass loss rate,-0.14%/yr,Global Mangrove Watch
JEY,Seagrass loss rate,-0.14%/yr,Global Mangrove Watch
KAZ,Seagrass loss rate,-0.14%/yr,Global Mangrove Watch
PRK,Seagrass loss rate,-0.14%/yr,Global Mangrove Watch
KOR,Seagrass loss rate,-0.14%/yr,Global Mangrove Watch
LVA,Seagrass loss rate,-0.14%/yr,Global Mangrove Watch
LBN,Seagrass loss rate,-0.14%/yr,Global Mangrove Watch
LTU,Seagrass loss rate,-0.14%/yr,Global Mangrove Watch
MCO,Seagrass loss rate,-0.14%/yr,Global Mangrove Watch
MNE,Seagrass loss rate,-0.14%/yr,Global Mangrove Watch
MAR,Seagrass loss rate,-0.14%/yr,Global Mangrove Watch
NAM,Seagrass loss rate,-0.14%/yr,Global Mangrove Watch
NRU,Seagrass loss rate,-0.14%/yr,Global Mangrove Watch
NIU,Seagrass loss rate,-0.14%/yr,Global Mangrove Watch
MNP,Seagrass loss rate,-0.14%/yr,Global Mangrove Watch
PCN,Seagrass loss rate,-0.14%/yr,Global Mangrove Watch
PRT,Seagrass loss rate,-0.14%/yr,Global Mangrove Watch
REU,Seagrass loss rate,-0.14%/yr,Global Mangrove Watch
ROU,Seagrass loss rate,-0.14%/yr,Global Mangrove Watch
SHN,Seagrass loss rate,-0.14%/yr,Global Mangrove Watch
SPM,Seagrass loss rate,-0.14%/yr,Global Mangrove Watch
SYR,Seagrass loss rate,-0.14%/yr,Global Mangrove Watch
TKL,Seagrass loss rate,-0.14%/yr,Global Mangrove Watch
TKM,Seagrass loss rate,-0.14%/yr,Global Mangrove Watch
URY,Seagrass loss rate,-0.14%/yr,Global Mangrove Watch
ESH,Seagrass loss rate,-0.14%/yr,Global Mangrove Watch
AFG,Seagrass loss rate,-0.14%/yr,Global Mangrove Watch
ARM,Seagrass loss rate,-0.14%/yr,Global Mangrove Watch
AUT,Seagrass loss rate,-0.14%/yr,Global Mangrove Watch
BDI,Seagrass loss rate,-0.14%/yr,Global Mangrove Watch
BFA,Seagrass loss rate,-0.14%/yr,Global Mangrove Watch
BLR,Seagrass loss rate,-0.14%/yr,Global Mangrove Watch
BOL,Seagrass loss rate,-0.14%/yr,Global Mangrove Watch
BTN,Seagrass loss rate,-0.14%/yr,Global Mangrove Watch
BWA,Seagrass loss rate,-0.14%/yr,Global Mangrove Watch
CAF,Seagrass loss rate,-0.14%/yr,Global Mangrove Watch
CHE,Seagrass loss rate,-0.14%/yr,Global Mangrove Watch
CZE,Seagrass loss rate,-0.14%/yr,Global Mangrove Watch
ETH,Seagrass loss rate,-0.14%/yr,Global Mangrove Watch
HUN,Seagrass loss rate,-0.14%/yr,Global Mangrove Watch
KGZ,Seagrass loss rate,-0.14%/yr,Global Mangrove Watch
LAO,Seagrass loss rate,-0.14%/yr,Global Mangrove Watch
LSO,Seagrass loss rate,-0.14%/yr,Global Mangrove Watch
LUX,Seagrass loss rate,-0.14%/yr,Global Mangrove Watch
MDA,Seagrass loss rate,-0.14%/yr,Global Mangrove Watch
MKD,Seagrass loss rate,-0.14%/yr,Global Mangrove Watch
MLI,Seagrass loss rate,-0.14%/yr,Global Mangrove Watch
MNG,Seagrass loss rate,-0.14%/yr,Global Mangrove Watch
MWI,Seagrass loss rate,-0.14%/yr,Global Mangrove Watch
NER,Seagrass loss rate,-0.14%/yr,Global Mangrove Watch
NPL,Seagrass loss rate,-0.14%/yr,Global Mangrove Watch
PRY,Seagrass loss rate,-0.14%/yr,Global Mangrove Watch
RWA,Seagrass loss rate,-0.14%/yr,Global Mangrove Watch
SRB,Seagrass loss rate,-0.14%/yr,Global Mangrove Watch
SVK,Seagrass loss rate,-0.14%/yr,Global Mangrove Watch
SWZ,Seagrass loss rate,-0.14%/yr,Global Mangrove Watch
TCD,Seagrass loss rate,-0.14%/yr,Global Mangrove Watch
TJK,Seagrass loss rate,-0.14%/yr,Global Mangrove Watch
UGA,Seagrass loss rate,-0.14%/yr,Global Mangrove Watch
UZB,Seagrass loss rate,-0.14%/yr,Global Mangrove Watch
ZMB,Seagrass loss rate,-0.14%/yr,Global Mangrove Watch
ZWE,Seagrass loss rate,-0.14%/yr,Global Mangrove Watch
BLM,Seagrass loss rate,-0.14%/yr,Global Mangrove Watch
CCK,Seagrass loss rate,-0.14%/yr,Global Mangrove Watch
CXR,Seagrass loss rate,-0.14%/yr,Global Mangrove Watch
USA,Salt marsh loss rate,-0.05%/yr,Global Mangrove Watch
IDN,Salt marsh loss rate,-0.28%/yr,Global Mangrove Watch
AUS,Salt marsh loss rate,0.00%/yr,Global Mangrove Watch
BHS,Salt marsh loss rate,-0.28%/yr,Global Mangrove Watch
KEN,Salt marsh loss rate,-0.28%/yr,Global Mangrove Watch
MEX,Salt marsh loss rate,-0.06%/yr,Global Mangrove Watch
COL,Salt marsh loss rate,-0.28%/yr,Global Mangrove Watch
IND,Salt marsh loss rate,-0.28%/yr,Global Mangrove Watch
CHN,Salt marsh loss rate,-0.05%/yr,Global Mangrove Watch
ASM,Salt marsh loss rate,-0.28%/yr,Global Mangrove Watch
AGO,Salt marsh loss rate,-0.28%/yr,Global Mangrove Watch
AIA,Salt marsh loss rate,-0.28%/yr,Global Mangrove Watch
ATG,Salt marsh loss rate,-0.28%/yr,Global Mangrove Watch
ABW,Salt marsh loss rate,-0.28%/yr,Global Mangrove Watch
BHR,Salt marsh loss rate,-0.28%/yr,Global Mangrove Watch
BGD,Salt marsh loss rate,-0.28%/yr,Global Mangrove Watch
BRB,Salt marsh loss rate,-0.28%/yr,Global Mangrove Watch
BLZ,Salt marsh loss rate,-0.28%/yr,Global Mangrove Watch
BEN,Salt marsh loss rate,-0.28%/yr,Global Mangrove Watch
BMU,Salt marsh loss rate,-0.28%/yr,Global Mangrove Watch
BES,Salt marsh loss rate,-0.28%/yr,Global Mangrove Watch
BRA,Salt marsh loss rate,-0.04%/yr,Global Mangrove Watch
VGB,Salt marsh loss rate,-0.28%/yr,Global Mangrove Watch
BRN,Salt marsh loss rate,-0.28%/yr,Global Mangrove Watch
KHM,Salt marsh loss rate,-0.28%/yr,Global Mangrove Watch
CMR,Salt marsh loss rate,-0.28%/yr,Global Mangrove Watch
CYM,Salt marsh loss rate,-0.28%/yr,Global Mangrove Watch
COM,Salt marsh loss rate,-0.28%/yr,Global Mangrove Watch
COK,Salt marsh loss rate,-0.28%/yr,Global Mangrove Watch
CRI,Salt marsh loss rate,-0.28%/yr,Global Mangrove Watch
CIV,Salt marsh loss rate,-0.28%/yr,Global Mangrove Watch
CUB,Salt marsh loss rate,-0.28%/yr,Global Mangrove Watch
CUW,Salt marsh loss rate,-0.28%/yr,Global Mangrove Watch
COD,Salt marsh loss rate,-0.28%/yr,Global Mangrove Watch
DJI,Salt marsh loss rate,-0.28%/yr,Global Mangrove Watch
DMA,Salt marsh loss rate,-0.28%/yr,Global Mangrove Watch
DOM,Salt marsh loss rate,-0.28%/yr,Global Mangrove Watch
ECU,Salt marsh loss rate,-0.28%/yr,Global Mangrove Watch
EGY,Salt marsh loss rate,-0.28%/yr,Global Mangrove Watch
SLV,Salt marsh loss rate,-0.28%/yr,Global Mangrove Watch
GNQ,Salt marsh loss rate,-0.28%/yr,Global Mangrove Watch
ERI,Salt marsh loss rate,-0.28%/yr,Global Mangrove Watch
FJI,Salt marsh loss rate,-0.28%/yr,Global Mangrove Watch
GUF,Salt marsh loss rate,-0.28%/yr,Global Mangrove Watch
PYF,Salt marsh loss rate,-0.28%/yr,Global Mangrove Watch
ATF,Salt marsh loss rate,-0.28%/yr,Global Mangrove Watch
GAB,Salt marsh loss rate,-0.28%/yr,Global Mangrove Watch
GMB,Salt marsh loss rate,-0.28%/yr,Global Mangrove Watch
GHA,Salt marsh loss rate,-0.28%/yr,Global Mangrove Watch
GRD,Salt marsh loss rate,-0.28%/yr,Global Mangrove Watch
GLP,Salt marsh loss rate,-0.28%/yr,Global Mangrove Watch
GUM,Salt marsh loss rate,-0.28%/yr,Global Mangrove Watch
GTM,Salt marsh loss rate,-0.28%/yr,Global Mangrove Watch
GIN,Salt marsh loss rate,-0.28%/yr,Global Mangrove Watch
GNB,Salt marsh loss rate,-0.28%/yr,Global Mangrove Watch
GUY,Salt marsh loss rate,-0.28%/yr,Global Mangrove Watch
HTI,Salt marsh loss rate,-0.28%/yr,Global Mangrove Watch
HND,Salt marsh loss rate,-0.28%/yr,Global Mangrove Watch
IRN,Salt marsh loss rate,-0.28%/yr,Global Mangrove Watch
JAM,Salt marsh loss rate,-0.28%/yr,Global Mangrove Watch
JPN,Salt marsh loss rate,-0.28%/yr,Global Mangrove Watch
KIR,Salt marsh loss rate,-0.28%/yr,Global Mangrove Watch
LBR,Salt marsh loss rate,-0.28%/yr,Global Mangrove Watch
MDG,Salt marsh loss rate,-0.08%/yr,Global Mangrove Watch
MYS,Salt marsh loss rate,-0.28%/yr,Global Mangrove Watch
MDV,Salt marsh loss rate,-0.28%/yr,Global Mangrove Watch
MHL,Salt marsh loss rate,-0.28%/yr,Global Mangrove Watch
MTQ,Salt marsh loss rate,-0.28%/yr,Global Mangrove Watch
MRT,Salt marsh loss rate,-0.28%/yr,Global Mangrove Watch
MUS,Salt marsh loss rate,-0.28%/yr,Global Mangrove Watch
MYT,Salt marsh loss rate,-0.28%/yr,Global Mangrove Watch
FSM,Salt marsh loss rate,-0.28%/yr,Global Mangrove Watch
MOZ,Salt marsh loss rate,-0.28%/yr,Global Mangrove Watch
MMR,Salt marsh loss rate,-0.28%/yr,Global Mangrove Watch
NCL,Salt marsh loss rate,-0.28%/yr,Global Mangrove Watch
NZL,Salt marsh loss rate,-0.13%/yr,Global Mangrove Watch
NIC,Salt marsh loss rate,-0.28%/yr,Global Mangrove Watch
NGA,Salt marsh loss rate,-0.28%/yr,Global Mangrove Watch
OMN,Salt marsh loss rate,-0.28%/yr,Global Mangrove Watch
PAK,Salt marsh loss rate,-0.28%/yr,Global Mangrove Watch
PLW,Salt marsh loss rate,-0.28%/yr,Global Mangrove Watch
PAN,Salt marsh loss rate,-0.28%/yr,Global Mangrove Watch
PNG,Salt marsh loss rate,-0.28%/yr,Global Mangrove Watch
PER,Salt marsh loss rate,0.00%/yr,Global Mangrove Watch
PHL,Salt marsh loss rate,-0.28%/yr,Global Mangrove Watch
PRI,Salt marsh loss rate,-0.28%/yr,Global Mangrove Watch
QAT,Salt marsh loss rate,-0.28%/yr,Global Mangrove Watch
COG,Salt marsh loss rate,-0.28%/yr,Global Mangrove Watch
KNA,Salt marsh loss rate,-0.28%/yr,Global Mangrove Watch
LCA,Salt marsh loss rate,-0.28%/yr,Global Mangrove Watch
VCT,Salt marsh loss rate,-0.28%/yr,Global Mangrove Watch
MAF,Salt marsh loss rate,-0.28%/yr,Global Mangrove Watch
WSM,Salt marsh loss rate,-0.28%/yr,Global Mangrove Watch
STP,Salt marsh loss rate,-0.28%/yr,Global Mangrove Watch
SAU,Salt marsh loss rate,-0.28%/yr,Global Mangrove Watch
SEN,Salt marsh loss rate,-0.28%/yr,Global Mangrove Watch
SYC,Salt marsh loss rate,-0.28%/yr,Global Mangrove Watch
SLE,Salt marsh loss rate,-0.28%/yr,Global Mangrove Watch
SGP,Salt marsh loss rate,-0.28%/yr,Global Mangrove Watch
SXM,Salt marsh loss rate,-0.28%/yr,Global Mangrove Watch
SLB,Salt marsh loss rate,-0.28%/yr,Global Mangrove Watch
SOM,Salt marsh loss rate,-0.28%/yr,Global Mangrove Watch
ZAF,Salt marsh loss rate,0.00%/yr,Global Mangrove Watch
LKA,Salt marsh loss rate,-0.28%/yr,Global Mangrove Watch
SDN,Salt marsh loss rate,-0.28%/yr,Global Mangrove Watch
SUR,Salt marsh loss rate,-0.28%/yr,Global Mangrove Watch
TWN,Salt marsh loss rate,-0.00%/yr,Global Mangrove Watch
TZA,Salt marsh loss rate,-0.28%/yr,Global Mangrove Watch
THA,Salt marsh loss rate,-0.28%/yr,Global Mangrove Watch
TLS,Salt marsh loss rate,-0.28%/yr,Global Mangrove Watch
TGO,Salt marsh loss rate,-0.28%/yr,Global Mangrove Watch
TON,Salt marsh loss rate,-0.28%/yr,Global Mangrove Watch
TTO,Salt marsh loss rate,-0.28%/yr,Global Mangrove Watch
TCA,Salt marsh loss rate,-0.28%/yr,Global Mangrove Watch
TUV,Salt marsh loss rate,-0.28%/yr,Global Mangrove Watch
ARE,Salt marsh loss rate,0.00%/yr,Global Mangrove Watch
VUT,Salt marsh loss rate,-0.28%/yr,Global Mangrove Watch
VEN,Salt marsh loss rate,-0.28%/yr,Global Mangrove Watch
VNM,Salt marsh loss rate,-0.57%/yr,Global Mangrove Watch
VIR,Salt marsh loss rate,-0.28%/yr,Global Mangrove Watch
WLF,Salt marsh loss rate,-0.28%/yr,Global Mangrove Watch
YEM,Salt marsh loss rate,-0.28%/yr,Global Mangrove Watch
ITA,Salt marsh loss rate,-0.57%/yr,Global Mangrove Watch
UKR,Salt marsh loss rate,-0.28%/yr,Global Mangrove Watch
TUN,Salt marsh loss rate,-0.28%/yr,Global Mangrove Watch
ESP,Salt marsh loss rate,0.00%/yr,Global Mangrove Watch
KWT,Salt marsh loss rate,-0.28%/yr,Global Mangrove Watch
DNK,Salt marsh loss rate,-0.17%/yr,Global Mangrove Watch
FRA,Salt marsh loss rate,-0.05%/yr,Global Mangrove Watch
RUS,Salt marsh loss rate,-0.29%/yr,Global Mangrove Watch
UMI,Salt marsh loss rate,-0.28%/yr,Global Mangrove Watch
GRC,Salt marsh loss rate,0.00%/yr,Global Mangrove Watch
CAN,Salt marsh loss rate,0.00%/yr,Global Mangrove Watch
DEU,Salt marsh loss rate,-0.01%/yr,Global Mangrove Watch
HRV,Salt marsh loss rate,-0.08%/yr,Global Mangrove Watch
GBR,Salt marsh loss rate,0.00%/yr,Global Mangrove Watch
MLT,Salt marsh loss rate,-0.28%/yr,Global Mangrove Watch
CYP,Salt marsh loss rate,-1.09%/yr,Global Mangrove Watch
NOR,Salt marsh loss rate,-0.28%/yr,Global Mangrove Watch
ALB,Salt marsh loss rate,-0.32%/yr,Global Mangrove Watch
DZA,Salt marsh loss rate,-0.28%/yr,Global Mangrove Watch
SWE,Salt marsh loss rate,-0.12%/yr,Global Mangrove Watch
ISR,Salt marsh loss rate,-0.28%/yr,Global Mangrove Watch
MSR,Salt marsh loss rate,-0.28%/yr,Global Mangrove Watch
LBY,Salt marsh loss rate,-0.28%/yr,Global Mangrove Watch
NLD,Salt marsh loss rate,-0.01%/yr,Global Mangrove Watch
POL,Salt marsh loss rate,-0.28%/yr,Global Mangrove Watch
TUR,Salt marsh loss rate,0.00%/yr,Global Mangrove Watch
JOR,Salt marsh loss rate,-0.28%/yr,Global Mangrove Watch
HKG,Salt marsh loss rate,-0.28%/yr,Global Mangrove Watch
SVN,Salt marsh loss rate,-0.33%/yr,Global Mangrove Watch
ARG,Salt marsh loss rate,-0.25%/yr,Global Mangrove Watch
AZE,Salt marsh loss rate,-0.28%/yr,Global Mangrove Watch
BEL,Salt marsh loss rate,-0.08%/yr,Global Mangrove Watch
BIH,Salt marsh loss rate,-0.28%/yr,Global Mangrove Watch
IOT,Salt marsh loss rate,-0.28%/yr,Global Mangrove Watch
BGR,Salt marsh loss rate,-0.28%/yr,Global Mangrove Watch
CPV,Salt marsh loss rate,-0.28%/yr,Global Mangrove Watch
CHL,Salt marsh loss rate,0.00%/yr,Global Mangrove Watch
EST,Salt marsh loss rate,-0.08%/yr,Global Mangrove Watch
FLK,Salt marsh loss rate,-0.28%/yr,Global Mangrove Watch
FRO,Salt marsh loss rate,-0.28%/yr,Global Mangrove Watch
FIN,Salt marsh loss rate,0.00%/yr,Global Mangrove Watch
GEO,Salt marsh loss rate,-0.28%/yr,Global Mangrove Watch
GIB,Salt marsh loss rate,-0.28%/yr,Global Mangrove Watch
GRL,Salt marsh loss rate,-0.28%/yr,Global Mangrove Watch
GGY,Salt marsh loss rate,-0.28%/yr,Global Mangrove Watch
ISL,Salt marsh loss rate,-0.28%/yr,Global Mangrove Watch
IRQ,Salt marsh loss rate,-0.28%/yr,Global Mangrove Watch
IRL,Salt marsh loss rate,-0.01%/yr,Global Mangrove Watch
IMN,Salt marsh loss rate,-0.28%/yr,Global Mangrove Watch
JEY,Salt marsh loss rate,-0.28%/yr,Global Mangrove Watch
KAZ,Salt marsh loss rate,-0.28%/yr,Global Mangrove Watch
PRK,Salt marsh loss rate,-0.28%/yr,Global Mangrove Watch
KOR,Salt marsh loss rate,-0.28%/yr,Global Mangrove Watch
LVA,Salt marsh loss rate,-0.17%/yr,Global Mangrove Watch
LBN,Salt marsh loss rate,-0.28%/yr,Global Mangrove Watch
LTU,Salt marsh loss rate,-0.28%/yr,Global Mangrove Watch
MCO,Salt marsh loss rate,-0.28%/yr,Global Mangrove Watch
MNE,Salt marsh loss rate,-0.02%/yr,Global Mangrove Watch
MAR,Salt marsh loss rate,-0.28%/yr,Global Mangrove Watch
NAM,Salt marsh loss rate,-0.28%/yr,Global Mangrove Watch
NRU,Salt marsh loss rate,-0.28%/yr,Global Mangrove Watch
NIU,Salt marsh loss rate,-0.28%/yr,Global Mangrove Watch
MNP,Salt marsh loss rate,-0.28%/yr,Global Mangrove Watch
PCN,Salt marsh loss rate,-0.28%/yr,Global Mangrove Watch
PRT,Salt marsh loss rate,-0.30%/yr,Global Mangrove Watch
REU,Salt marsh loss rate,-0.28%/yr,Global Mangrove Watch
ROU,Salt marsh loss rate,-0.28%/yr,Global Mangrove Watch
SHN,Salt marsh loss rate,-0.28%/yr,Global Mangrove Watch
SPM,Salt marsh loss rate,-0.28%/yr,Global Mangrove Watch
SYR,Salt marsh loss rate,-0.28%/yr,Global Mangrove Watch
TKL,Salt marsh loss rate,-0.28%/yr,Global Mangrove Watch
TKM,Salt marsh loss rate,-0.28%/yr,Global Mangrove Watch
URY,Salt marsh loss rate,-0.07%/yr,Global Mangrove Watch
ESH,Salt marsh loss rate,-0.28%/yr,Global Mangrove Watch
AFG,Salt marsh loss rate,-0.28%/yr,Global Mangrove Watch
ARM,Salt marsh loss rate,-0.28%/yr,Global Mangrove Watch
AUT,Salt marsh loss rate,-0.28%/yr,Global Mangrove Watch
BDI,Salt marsh loss rate,-0.28%/yr,Global Mangrove Watch
BFA,Salt marsh loss rate,-0.28%/yr,Global Mangrove Watch
BLR,Salt marsh loss rate,-0.28%/yr,Global Mangrove Watch
BOL,Salt marsh loss rate,-0.28%/yr,Global Mangrove Watch
BTN,Salt marsh loss rate,-0.28%/yr,Global Mangrove Watch
BWA,Salt marsh loss rate,-0.28%/yr,Global Mangrove Watch
CAF,Salt marsh loss rate,-0.28%/yr,Global Mangrove Watch
CHE,Salt marsh loss rate,-0.28%/yr,Global Mangrove Watch
CZE,Salt marsh loss rate,-0.28%/yr,Global Mangrove Watch
ETH,Salt marsh loss rate,-0.28%/yr,Global Mangrove Watch
HUN,Salt marsh loss rate,-0.28%/yr,Global Mangrove Watch
KGZ,Salt marsh loss rate,-0.28%/yr,Global Mangrove Watch
LAO,Salt marsh loss rate,-0.28%/yr,Global Mangrove Watch
LSO,Salt marsh loss rate,-0.28%/yr,Global Mangrove Watch
LUX,Salt marsh loss rate,-0.28%/yr,Global Mangrove Watch
MDA,Salt marsh loss rate,-0.28%/yr,Global Mangrove Watch
MKD,Salt marsh loss rate,-0.28%/yr,Global Mangrove Watch
MLI,Salt marsh loss rate,-0.28%/yr,Global Mangrove Watch
MNG,Salt marsh loss rate,-0.28%/yr,Global Mangrove Watch
MWI,Salt marsh loss rate,-0.28%/yr,Global Mangrove Watch
NER,Salt marsh loss rate,-0.28%/yr,Global Mangrove Watch
NPL,Salt marsh loss rate,-0.28%/yr,Global Mangrove Watch
PRY,Salt marsh loss rate,-0.28%/yr,Global Mangrove Watch
RWA,Salt marsh loss rate,-0.28%/yr,Global Mangrove Watch
SRB,Salt marsh loss rate,-0.28%/yr,Global Mangrove Watch
SVK,Salt marsh loss rate,-0.28%/yr,Global Mangrove Watch
SWZ,Salt marsh loss rate,-0.28%/yr,Global Mangrove Watch
TCD,Salt marsh loss rate,-0.28%/yr,Global Mangrove Watch
TJK,Salt marsh loss rate,-0.28%/yr,Global Mangrove Watch
UGA,Salt marsh loss rate,-0.28%/yr,Global Mangrove Watch
UZB,Salt marsh loss rate,-0.28%/yr,Global Mangrove Watch
ZMB,Salt marsh loss rate,-0.28%/yr,Global Mangrove Watch
ZWE,Salt marsh loss rate,-0.28%/yr,Global Mangrove Watch
BLM,Salt marsh loss rate,-0.28%/yr,Global Mangrove Watch
CCK,Salt marsh loss rate,-0.28%/yr,Global Mangrove Watch
CXR,Salt marsh loss rate,-0.28%/yr,Global Mangrove Watch
USA,Mangrove restorable area,10K ha,Restorable mangrove area from Mapping Ocean Wealth
IDN,Mangrove restorable area,205K ha,Restorable mangrove area from Mapping Ocean Wealth
AUS,Mangrove restorable area,69K ha,Restorable mangrove area from Mapping Ocean Wealth
BHS,Mangrove restorable area,10K ha,Restorable mangrove area from Mapping Ocean Wealth
KEN,Mangrove restorable area,2K ha,Restorable mangrove area from Mapping Ocean Wealth
MEX,Mangrove restorable area,69K ha,Restorable mangrove area from Mapping Ocean Wealth
COL,Mangrove restorable area,10K ha,Restorable mangrove area from Mapping Ocean Wealth
IND,Mangrove restorable area,18K ha,Restorable mangrove area from Mapping Ocean Wealth
CHN,Mangrove restorable area,5K ha,Restorable mangrove area from Mapping Ocean Wealth
AGO,Mangrove restorable area,857 ha,Restorable mangrove area from Mapping Ocean Wealth
AIA,Mangrove restorable area,2 ha,Restorable mangrove area from Mapping Ocean Wealth
ATG,Mangrove restorable area,108 ha,Restorable mangrove area from Mapping Ocean Wealth
ABW,Mangrove restorable area,6 ha,Restorable mangrove area from Mapping Ocean Wealth
BHR,Mangrove restorable area,43 ha,Restorable mangrove area from Mapping Ocean Wealth
BGD,Mangrove restorable area,6K ha,Restorable mangrove area from Mapping Ocean Wealth
BRB,Mangrove restorable area,1 ha,Restorable mangrove area from Mapping Ocean Wealth
BLZ,Mangrove restorable area,2K ha,Restorable mangrove area from Mapping Ocean Wealth
BEN,Mangrove restorable area,54 ha,Restorable mangrove area from Mapping Ocean Wealth
BES,Mangrove restorable area,49 ha,Restorable mangrove area from Mapping Ocean Wealth
BRA,Mangrove restorable area,48K ha,Restorable mangrove area from Mapping Ocean Wealth
VGB,Mangrove restorable area,24 ha,Restorable mangrove area from Mapping Ocean Wealth
BRN,Mangrove restorable area,186 ha,Restorable mangrove area from Mapping Ocean Wealth
KHM,Mangrove restorable area,2K ha,Restorable mangrove area from Mapping Ocean Wealth
CMR,Mangrove restorable area,3K ha,Restorable mangrove area from Mapping Ocean Wealth
CYM,Mangrove restorable area,145 ha,Restorable mangrove area from Mapping Ocean Wealth
COM,Mangrove restorable area,4 ha,Restorable mangrove area from Mapping Ocean Wealth
CRI,Mangrove restorable area,2K ha,Restorable mangrove area from Mapping Ocean Wealth
CIV,Mangrove restorable area,601 ha,Restorable mangrove area from Mapping Ocean Wealth
CUB,Mangrove restorable area,25K ha,Restorable mangrove area from Mapping Ocean Wealth
COD,Mangrove restorable area,34 ha,Restorable mangrove area from Mapping Ocean Wealth
DJI,Mangrove restorable area,164 ha,Restorable mangrove area from Mapping Ocean Wealth
DOM,Mangrove restorable area,682 ha,Restorable mangrove area from Mapping Ocean Wealth
ECU,Mangrove restorable area,12K ha,Restorable mangrove area from Mapping Ocean Wealth
EGY,Mangrove restorable area,70 ha,Restorable mangrove area from Mapping Ocean Wealth
SLV,Mangrove restorable area,2K ha,Restorable mangrove area from Mapping Ocean Wealth
GNQ,Mangrove restorable area,300 ha,Restorable mangrove area from Mapping Ocean Wealth
ERI,Mangrove restorable area,1K ha,Restorable mangrove area from Mapping Ocean Wealth
FJI,Mangrove restorable area,2K ha,Restorable mangrove area from Mapping Ocean Wealth
GUF,Mangrove restorable area,5K ha,Restorable mangrove area from Mapping Ocean Wealth
PYF,Mangrove restorable area,2 ha,Restorable mangrove area from Mapping Ocean Wealth
GAB,Mangrove restorable area,2K ha,Restorable mangrove area from Mapping Ocean Wealth
GMB,Mangrove restorable area,532 ha,Restorable mangrove area from Mapping Ocean Wealth
GHA,Mangrove restorable area,3K ha,Restorable mangrove area from Mapping Ocean Wealth
GRD,Mangrove restorable area,14 ha,Restorable mangrove area from Mapping Ocean Wealth
GLP,Mangrove restorable area,144 ha,Restorable mangrove area from Mapping Ocean Wealth
GUM,Mangrove restorable area,2 ha,Restorable mangrove area from Mapping Ocean Wealth
GTM,Mangrove restorable area,2K ha,Restorable mangrove area from Mapping Ocean Wealth
GIN,Mangrove restorable area,11K ha,Restorable mangrove area from Mapping Ocean Wealth
GNB,Mangrove restorable area,13K ha,Restorable mangrove area from Mapping Ocean Wealth
GUY,Mangrove restorable area,2K ha,Restorable mangrove area from Mapping Ocean Wealth
HTI,Mangrove restorable area,842 ha,Restorable mangrove area from Mapping Ocean Wealth
HND,Mangrove restorable area,7K ha,Restorable mangrove area from Mapping Ocean Wealth
IRN,Mangrove restorable area,4K ha,Restorable mangrove area from Mapping Ocean Wealth
JAM,Mangrove restorable area,689 ha,Restorable mangrove area from Mapping Ocean Wealth
JPN,Mangrove restorable area,49 ha,Restorable mangrove area from Mapping Ocean Wealth
LBR,Mangrove restorable area,690 ha,Restorable mangrove area from Mapping Ocean Wealth
MDG,Mangrove restorable area,11K ha,Restorable mangrove area from Mapping Ocean Wealth
MYS,Mangrove restorable area,14K ha,Restorable mangrove area from Mapping Ocean Wealth
MTQ,Mangrove restorable area,88 ha,Restorable mangrove area from Mapping Ocean Wealth
MRT,Mangrove restorable area,6 ha,Restorable mangrove area from Mapping Ocean Wealth
MUS,Mangrove restorable area,99 ha,Restorable mangrove area from Mapping Ocean Wealth
MYT,Mangrove restorable area,39 ha,Restorable mangrove area from Mapping Ocean Wealth
FSM,Mangrove restorable area,262 ha,Restorable mangrove area from Mapping Ocean Wealth
MOZ,Mangrove restorable area,18K ha,Restorable mangrove area from Mapping Ocean Wealth
MMR,Mangrove restorable area,61K ha,Restorable mangrove area from Mapping Ocean Wealth
NCL,Mangrove restorable area,1K ha,Restorable mangrove area from Mapping Ocean Wealth
NZL,Mangrove restorable area,1K ha,Restorable mangrove area from Mapping Ocean Wealth
NIC,Mangrove restorable area,6K ha,Restorable mangrove area from Mapping Ocean Wealth
NGA,Mangrove restorable area,22K ha,Restorable mangrove area from Mapping Ocean Wealth
OMN,Mangrove restorable area,40 ha,Restorable mangrove area from Mapping Ocean Wealth
PAK,Mangrove restorable area,12K ha,Restorable mangrove area from Mapping Ocean Wealth
PLW,Mangrove restorable area,155 ha,Restorable mangrove area from Mapping Ocean Wealth
PAN,Mangrove restorable area,4K ha,Restorable mangrove area from Mapping Ocean Wealth
PNG,Mangrove restorable area,5K ha,Restorable mangrove area from Mapping Ocean Wealth
PER,Mangrove restorable area,909 ha,Restorable mangrove area from Mapping Ocean Wealth
PHL,Mangrove restorable area,24K ha,Restorable mangrove area from Mapping Ocean Wealth
PRI,Mangrove restorable area,1K ha,Restorable mangrove area from Mapping Ocean Wealth
QAT,Mangrove restorable area,55 ha,Restorable mangrove area from Mapping Ocean Wealth
COG,Mangrove restorable area,14 ha,Restorable mangrove area from Mapping Ocean Wealth
KNA,Mangrove restorable area,6 ha,Restorable mangrove area from Mapping Ocean Wealth
LCA,Mangrove restorable area,3 ha,Restorable mangrove area from Mapping Ocean Wealth
VCT,Mangrove restorable area,2 ha,Restorable mangrove area from Mapping Ocean Wealth
WSM,Mangrove restorable area,16 ha,Restorable mangrove area from Mapping Ocean Wealth
SAU,Mangrove restorable area,5K ha,Restorable mangrove area from Mapping Ocean Wealth
SEN,Mangrove restorable area,2K ha,Restorable mangrove area from Mapping Ocean Wealth
SYC,Mangrove restorable area,2 ha,Restorable mangrove area from Mapping Ocean Wealth
SLE,Mangrove restorable area,8K ha,Restorable mangrove area from Mapping Ocean Wealth
SGP,Mangrove restorable area,86 ha,Restorable mangrove area from Mapping Ocean Wealth
SLB,Mangrove restorable area,2K ha,Restorable mangrove area from Mapping Ocean Wealth
SOM,Mangrove restorable area,288 ha,Restorable mangrove area from Mapping Ocean Wealth
ZAF,Mangrove restorable area,118 ha,Restorable mangrove area from Mapping Ocean Wealth
LKA,Mangrove restorable area,6K ha,Restorable mangrove area from Mapping Ocean Wealth
SDN,Mangrove restorable area,608 ha,Restorable mangrove area from Mapping Ocean Wealth
SUR,Mangrove restorable area,9K ha,Restorable mangrove area from Mapping Ocean Wealth
TWN,Mangrove restorable area,58 ha,Restorable mangrove area from Mapping Ocean Wealth
TZA,Mangrove restorable area,6K ha,Restorable mangrove area from Mapping Ocean Wealth
THA,Mangrove restorable area,12K ha,Restorable mangrove area from Mapping Ocean Wealth
TLS,Mangrove restorable area,60 ha,Restorable mangrove area from Mapping Ocean Wealth
TON,Mangrove restorable area,98 ha,Restorable mangrove area from Mapping Ocean Wealth
TTO,Mangrove restorable area,264 ha,Restorable mangrove area from Mapping Ocean Wealth
TCA,Mangrove restorable area,5K ha,Restorable mangrove area from Mapping Ocean Wealth
ARE,Mangrove restorable area,2K ha,Restorable mangrove area from Mapping Ocean Wealth
VUT,Mangrove restorable area,86 ha,Restorable mangrove area from Mapping Ocean Wealth
VEN,Mangrove restorable area,5K ha,Restorable mangrove area from Mapping Ocean Wealth
VNM,Mangrove restorable area,16K ha,Restorable mangrove area from Mapping Ocean Wealth
VIR,Mangrove restorable area,55 ha,Restorable mangrove area from Mapping Ocean Wealth
YEM,Mangrove restorable area,285 ha,Restorable mangrove area from Mapping Ocean Wealth
USA,Seagrass restorable area,66K ha,Mapping Ocean Wealth
IDN,Seagrass restorable area,13K ha,Mapping Ocean Wealth
AUS,Seagrass restorable area,382K ha,Mapping Ocean Wealth
BHS,Seagrass restorable area,10K ha,Mapping Ocean Wealth
KEN,Seagrass restorable area,521 ha,Mapping Ocean Wealth
MEX,Seagrass restorable area,44K ha,Mapping Ocean Wealth
COL,Seagrass restorable area,2K ha,Mapping Ocean Wealth
IND,Seagrass restorable area,2K ha,Mapping Ocean Wealth
CHN,Seagrass restorable area,365 ha,Mapping Ocean Wealth
ASM,Seagrass restorable area,2K ha,Mapping Ocean Wealth
AGO,Seagrass restorable area,3K ha,Mapping Ocean Wealth
AIA,Seagrass restorable area,63 ha,Mapping Ocean Wealth
ATG,Seagrass restorable area,1K ha,Mapping Ocean Wealth
BHR,Seagrass restorable area,2K ha,Mapping Ocean Wealth
BRB,Seagrass restorable area,415 ha,Mapping Ocean Wealth
BLZ,Seagrass restorable area,22K ha,Mapping Ocean Wealth
BEN,Seagrass restorable area,6K ha,Mapping Ocean Wealth
BMU,Seagrass restorable area,75 ha,Mapping Ocean Wealth
BES,Seagrass restorable area,18 ha,Mapping Ocean Wealth
BRA,Seagrass restorable area,2K ha,Mapping Ocean Wealth
VGB,Seagrass restorable area,184 ha,Mapping Ocean Wealth
KHM,Seagrass restorable area,2K ha,Mapping Ocean Wealth
CYM,Seagrass restorable area,294 ha,Mapping Ocean Wealth
COM,Seagrass restorable area,2K ha,Mapping Ocean Wealth
CRI,Seagrass restorable area,1 ha,Mapping Ocean Wealth
CUB,Seagrass restorable area,74K ha,Mapping Ocean Wealth
CUW,Seagrass restorable area,37 ha,Mapping Ocean Wealth
DMA,Seagrass restorable area,12 ha,Mapping Ocean Wealth
DOM,Seagrass restorable area,2K ha,Mapping Ocean Wealth
EGY,Seagrass restorable area,10K ha,Mapping Ocean Wealth
ERI,Seagrass restorable area,14 ha,Mapping Ocean Wealth
FJI,Seagrass restorable area,176 ha,Mapping Ocean Wealth
PYF,Seagrass restorable area,132 ha,Mapping Ocean Wealth
GHA,Seagrass restorable area,13K ha,Mapping Ocean Wealth
GRD,Seagrass restorable area,33 ha,Mapping Ocean Wealth
GLP,Seagrass restorable area,377 ha,Mapping Ocean Wealth
GUM,Seagrass restorable area,14 ha,Mapping Ocean Wealth
GTM,Seagrass restorable area,22 ha,Mapping Ocean Wealth
GIN,Seagrass restorable area,59K ha,Mapping Ocean Wealth
GNB,Seagrass restorable area,71K ha,Mapping Ocean Wealth
HTI,Seagrass restorable area,3K ha,Mapping Ocean Wealth
HND,Seagrass restorable area,13K ha,Mapping Ocean Wealth
IRN,Seagrass restorable area,12K ha,Mapping Ocean Wealth
JAM,Seagrass restorable area,4K ha,Mapping Ocean Wealth
JPN,Seagrass restorable area,2K ha,Mapping Ocean Wealth
KIR,Seagrass restorable area,1K ha,Mapping Ocean Wealth
MDG,Seagrass restorable area,27K ha,Mapping Ocean Wealth
MYS,Seagrass restorable area,41 ha,Mapping Ocean Wealth
MDV,Seagrass restorable area,11K ha,Mapping Ocean Wealth
MHL,Seagrass restorable area,2K ha,Mapping Ocean Wealth
MTQ,Seagrass restorable area,189 ha,Mapping Ocean Wealth
MUS,Seagrass restorable area,138 ha,Mapping Ocean Wealth
MYT,Seagrass restorable area,6K ha,Mapping Ocean Wealth
FSM,Seagrass restorable area,224 ha,Mapping Ocean Wealth
MOZ,Seagrass restorable area,3K ha,Mapping Ocean Wealth
MMR,Seagrass restorable area,20 ha,Mapping Ocean Wealth
NCL,Seagrass restorable area,4K ha,Mapping Ocean Wealth
NZL,Seagrass restorable area,1K ha,Mapping Ocean Wealth
NIC,Seagrass restorable area,26K ha,Mapping Ocean Wealth
NGA,Seagrass restorable area,41K ha,Mapping Ocean Wealth
PLW,Seagrass restorable area,368 ha,Mapping Ocean Wealth
PAN,Seagrass restorable area,8K ha,Mapping Ocean Wealth
PNG,Seagrass restorable area,539 ha,Mapping Ocean Wealth
PHL,Seagrass restorable area,4K ha,Mapping Ocean Wealth
PRI,Seagrass restorable area,3K ha,Mapping Ocean Wealth
QAT,Seagrass restorable area,6K ha,Mapping Ocean Wealth
KNA,Seagrass restorable area,278 ha,Mapping Ocean Wealth
LCA,Seagrass restorable area,31 ha,Mapping Ocean Wealth
VCT,Seagrass restorable area,15 ha,Mapping Ocean Wealth
MAF,Seagrass restorable area,300 ha,Mapping Ocean Wealth
WSM,Seagrass restorable area,3K ha,Mapping Ocean Wealth
SAU,Seagrass restorable area,2K ha,Mapping Ocean Wealth
SEN,Seagrass restorable area,7K ha,Mapping Ocean Wealth
SLE,Seagrass restorable area,20K ha,Mapping Ocean Wealth
SGP,Seagrass restorable area,2 ha,Mapping Ocean Wealth
SXM,Seagrass restorable area,126 ha,Mapping Ocean Wealth
SLB,Seagrass restorable area,363 ha,Mapping Ocean Wealth
ZAF,Seagrass restorable area,2K ha,Mapping Ocean Wealth
LKA,Seagrass restorable area,6K ha,Mapping Ocean Wealth
SDN,Seagrass restorable area,20K ha,Mapping Ocean Wealth
TWN,Seagrass restorable area,55 ha,Mapping Ocean Wealth
TZA,Seagrass restorable area,212 ha,Mapping Ocean Wealth
THA,Seagrass restorable area,1K ha,Mapping Ocean Wealth
TLS,Seagrass restorable area,196 ha,Mapping Ocean Wealth
TGO,Seagrass restorable area,869 ha,Mapping Ocean Wealth
TON,Seagrass restorable area,14K ha,Mapping Ocean Wealth
TTO,Seagrass restorable area,5 ha,Mapping Ocean Wealth
TCA,Seagrass restorable area,2K ha,Mapping Ocean Wealth
ARE,Seagrass restorable area,5K ha,Mapping Ocean Wealth
VUT,Seagrass restorable area,5K ha,Mapping Ocean Wealth
VEN,Seagrass restorable area,6K ha,Mapping Ocean Wealth
VNM,Seagrass restorable area,724 ha,Mapping Ocean Wealth
VIR,Seagrass restorable area,387 ha,Mapping Ocean Wealth
WLF,Seagrass restorable area,112 ha,Mapping Ocean Wealth
YEM,Seagrass restorable area,25K ha,Mapping Ocean Wealth
ITA,Seagrass restorable area,42K ha,Mapping Ocean Wealth
UKR,Seagrass restorable area,27K ha,Mapping Ocean Wealth
TUN,Seagrass restorable area,23K ha,Mapping Ocean Wealth
ESP,Seagrass restorable area,13K ha,Mapping Ocean Wealth
KWT,Seagrass restorable area,230 ha,Mapping Ocean Wealth
DNK,Seagrass restorable area,6K ha,Mapping Ocean Wealth
FRA,Seagrass restorable area,5K ha,Mapping Ocean Wealth
RUS,Seagrass restorable area,2K ha,Mapping Ocean Wealth
UMI,Seagrass restorable area,2K ha,Mapping Ocean Wealth
GRC,Seagrass restorable area,2K ha,Mapping Ocean Wealth
CAN,Seagrass restorable area,3K ha,Mapping Ocean Wealth
DEU,Seagrass restorable area,751 ha,Mapping Ocean Wealth
HRV,Seagrass restorable area,1K ha,Mapping Ocean Wealth
GBR,Seagrass restorable area,605 ha,Mapping Ocean Wealth
MLT,Seagrass restorable area,325 ha,Mapping Ocean Wealth
CYP,Seagrass restorable area,322 ha,Mapping Ocean Wealth
NOR,Seagrass restorable area,305 ha,Mapping Ocean Wealth
ALB,Seagrass restorable area,203 ha,Mapping Ocean Wealth
DZA,Seagrass restorable area,187 ha,Mapping Ocean Wealth
SWE,Seagrass restorable area,84 ha,Mapping Ocean Wealth
ISR,Seagrass restorable area,80 ha,Mapping Ocean Wealth
MSR,Seagrass restorable area,60 ha,Mapping Ocean Wealth
LBY,Seagrass restorable area,53 ha,Mapping Ocean Wealth
NLD,Seagrass restorable area,13 ha,Mapping Ocean Wealth
POL,Seagrass restorable area,12 ha,Mapping Ocean Wealth
TUR,Seagrass restorable area,11 ha,Mapping Ocean Wealth
JOR,Seagrass restorable area,6 ha,Mapping Ocean Wealth
HKG,Seagrass restorable area,1 ha,Mapping Ocean Wealth
ARG,Seagrass restorable area,5 ha,Mapping Ocean Wealth
BGR,Seagrass restorable area,14 ha,Mapping Ocean Wealth
CHL,Seagrass restorable area,9 ha,Mapping Ocean Wealth
EST,Seagrass restorable area,713 ha,Mapping Ocean Wealth
FIN,Seagrass restorable area,138 ha,Mapping Ocean Wealth
ISL,Seagrass restorable area,23 ha,Mapping Ocean Wealth
IRL,Seagrass restorable area,79 ha,Mapping Ocean Wealth
KOR,Seagrass restorable area,322 ha,Mapping Ocean Wealth
MNP,Seagrass restorable area,31 ha,Mapping Ocean Wealth
PRT,Seagrass restorable area,78 ha,Mapping Ocean Wealth
USA,Salt marsh restorable area,50K ha,Mapping Ocean Wealth
IDN,Salt marsh restorable area,461 ha,Mapping Ocean Wealth
AUS,Salt marsh restorable area,6K ha,Mapping Ocean Wealth
BHS,Salt marsh restorable area,314 ha,Mapping Ocean Wealth
KEN,Salt marsh restorable area,4 ha,Mapping Ocean Wealth
MEX,Salt marsh restorable area,3K ha,Mapping Ocean Wealth
COL,Salt marsh restorable area,124 ha,Mapping Ocean Wealth
IND,Salt marsh restorable area,141 ha,Mapping Ocean Wealth
CHN,Salt marsh restorable area,3K ha,Mapping Ocean Wealth
AGO,Salt marsh restorable area,46 ha,Mapping Ocean Wealth
ATG,Salt marsh restorable area,1 ha,Mapping Ocean Wealth
BGD,Salt marsh restorable area,547 ha,Mapping Ocean Wealth
BLZ,Salt marsh restorable area,172 ha,Mapping Ocean Wealth
BEN,Salt marsh restorable area,146 ha,Mapping Ocean Wealth
BRA,Salt marsh restorable area,3K ha,Mapping Ocean Wealth
BRN,Salt marsh restorable area,1 ha,Mapping Ocean Wealth
KHM,Salt marsh restorable area,43 ha,Mapping Ocean Wealth
CYM,Salt marsh restorable area,4 ha,Mapping Ocean Wealth
CRI,Salt marsh restorable area,41 ha,Mapping Ocean Wealth
CIV,Salt marsh restorable area,7 ha,Mapping Ocean Wealth
CUB,Salt marsh restorable area,2K ha,Mapping Ocean Wealth
COD,Salt marsh restorable area,6 ha,Mapping Ocean Wealth
DOM,Salt marsh restorable area,47 ha,Mapping Ocean Wealth
ECU,Salt marsh restorable area,3 ha,Mapping Ocean Wealth
EGY,Salt marsh restorable area,477 ha,Mapping Ocean Wealth
SLV,Salt marsh restorable area,10 ha,Mapping Ocean Wealth
GNQ,Salt marsh restorable area,1 ha,Mapping Ocean Wealth
GUF,Salt marsh restorable area,13 ha,Mapping Ocean Wealth
GAB,Salt marsh restorable area,94 ha,Mapping Ocean Wealth
GMB,Salt marsh restorable area,109 ha,Mapping Ocean Wealth
GHA,Salt marsh restorable area,46 ha,Mapping Ocean Wealth
GTM,Salt marsh restorable area,31 ha,Mapping Ocean Wealth
GIN,Salt marsh restorable area,9 ha,Mapping Ocean Wealth
GNB,Salt marsh restorable area,186 ha,Mapping Ocean Wealth
GUY,Salt marsh restorable area,90 ha,Mapping Ocean Wealth
HTI,Salt marsh restorable area,104 ha,Mapping Ocean Wealth
HND,Salt marsh restorable area,1K ha,Mapping Ocean Wealth
IRN,Salt marsh restorable area,30 ha,Mapping Ocean Wealth
JAM,Salt marsh restorable area,56 ha,Mapping Ocean Wealth
JPN,Salt marsh restorable area,689 ha,Mapping Ocean Wealth
LBR,Salt marsh restorable area,1 ha,Mapping Ocean Wealth
MDG,Salt marsh restorable area,414 ha,Mapping Ocean Wealth
MYS,Salt marsh restorable area,10 ha,Mapping Ocean Wealth
MRT,Salt marsh restorable area,77 ha,Mapping Ocean Wealth
MOZ,Salt marsh restorable area,4K ha,Mapping Ocean Wealth
MMR,Salt marsh restorable area,332 ha,Mapping Ocean Wealth
NCL,Salt marsh restorable area,4 ha,Mapping Ocean Wealth
NZL,Salt marsh restorable area,661 ha,Mapping Ocean Wealth
NIC,Salt marsh restorable area,2K ha,Mapping Ocean Wealth
NGA,Salt marsh restorable area,58 ha,Mapping Ocean Wealth
OMN,Salt marsh restorable area,2 ha,Mapping Ocean Wealth
PAK,Salt marsh restorable area,5 ha,Mapping Ocean Wealth
PAN,Salt marsh restorable area,7 ha,Mapping Ocean Wealth
PNG,Salt marsh restorable area,143 ha,Mapping Ocean Wealth
PER,Salt marsh restorable area,27 ha,Mapping Ocean Wealth
PHL,Salt marsh restorable area,20 ha,Mapping Ocean Wealth
PRI,Salt marsh restorable area,6 ha,Mapping Ocean Wealth
QAT,Salt marsh restorable area,2 ha,Mapping Ocean Wealth
COG,Salt marsh restorable area,5 ha,Mapping Ocean Wealth
SAU,Salt marsh restorable area,5 ha,Mapping Ocean Wealth
SEN,Salt marsh restorable area,141 ha,Mapping Ocean Wealth
SLE,Salt marsh restorable area,57 ha,Mapping Ocean Wealth
SOM,Salt marsh restorable area,1 ha,Mapping Ocean Wealth
ZAF,Salt marsh restorable area,241 ha,Mapping Ocean Wealth
LKA,Salt marsh restorable area,17 ha,Mapping Ocean Wealth
SUR,Salt marsh restorable area,115 ha,Mapping Ocean Wealth
TWN,Salt marsh restorable area,6 ha,Mapping Ocean Wealth
TZA,Salt marsh restorable area,16 ha,Mapping Ocean Wealth
THA,Salt marsh restorable area,49 ha,Mapping Ocean Wealth
TLS,Salt marsh restorable area,1 ha,Mapping Ocean Wealth
TGO,Salt marsh restorable area,14 ha,Mapping Ocean Wealth
TTO,Salt marsh restorable area,2 ha,Mapping Ocean Wealth
TCA,Salt marsh restorable area,1 ha,Mapping Ocean Wealth
ARE,Salt marsh restorable area,20 ha,Mapping Ocean Wealth
VEN,Salt marsh restorable area,446 ha,Mapping Ocean Wealth
VNM,Salt marsh restorable area,33 ha,Mapping Ocean Wealth
ITA,Salt marsh restorable area,618 ha,Mapping Ocean Wealth
UKR,Salt marsh restorable area,2K ha,Mapping Ocean Wealth
TUN,Salt marsh restorable area,145 ha,Mapping Ocean Wealth
ESP,Salt marsh restorable area,921 ha,Mapping Ocean Wealth
KWT,Salt marsh restorable area,2 ha,Mapping Ocean Wealth
DNK,Salt marsh restorable area,713 ha,Mapping Ocean Wealth
FRA,Salt marsh restorable area,2K ha,Mapping Ocean Wealth
RUS,Salt marsh restorable area,25K ha,Mapping Ocean Wealth
GRC,Salt marsh restorable area,576 ha,Mapping Ocean Wealth
CAN,Salt marsh restorable area,184K ha,Mapping Ocean Wealth
DEU,Salt marsh restorable area,933 ha,Mapping Ocean Wealth
HRV,Salt marsh restorable area,140 ha,Mapping Ocean Wealth
GBR,Salt marsh restorable area,1K ha,Mapping Ocean Wealth
CYP,Salt marsh restorable area,8 ha,Mapping Ocean Wealth
NOR,Salt marsh restorable area,132 ha,Mapping Ocean Wealth
ALB,Salt marsh restorable area,213 ha,Mapping Ocean Wealth
DZA,Salt marsh restorable area,73 ha,Mapping Ocean Wealth
SWE,Salt marsh restorable area,316 ha,Mapping Ocean Wealth
LBY,Salt marsh restorable area,5 ha,Mapping Ocean Wealth
NLD,Salt marsh restorable area,497 ha,Mapping Ocean Wealth
POL,Salt marsh restorable area,436 ha,Mapping Ocean Wealth
TUR,Salt marsh restorable area,682 ha,Mapping Ocean Wealth
SVN,Salt marsh restorable area,4 ha,Mapping Ocean Wealth
ARG,Salt marsh restorable area,7K ha,Mapping Ocean Wealth
BEL,Salt marsh restorable area,15 ha,Mapping Ocean Wealth
BIH,Salt marsh restorable area,16 ha,Mapping Ocean Wealth
BGR,Salt marsh restorable area,53 ha,Mapping Ocean Wealth
CHL,Salt marsh restorable area,1K ha,Mapping Ocean Wealth
EST,Salt marsh restorable area,727 ha,Mapping Ocean Wealth
FLK,Salt marsh restorable area,18 ha,Mapping Ocean Wealth
FIN,Salt marsh restorable area,358 ha,Mapping Ocean Wealth
GEO,Salt marsh restorable area,176 ha,Mapping Ocean Wealth
GRL,Salt marsh restorable area,11K ha,Mapping Ocean Wealth
IRQ,Salt marsh restorable area,4 ha,Mapping Ocean Wealth
IRL,Salt marsh restorable area,353 ha,Mapping Ocean Wealth
PRK,Salt marsh restorable area,217 ha,Mapping Ocean Wealth
KOR,Salt marsh restorable area,488 ha,Mapping Ocean Wealth
LVA,Salt marsh restorable area,442 ha,Mapping Ocean Wealth
LTU,Salt marsh restorable area,103 ha,Mapping Ocean Wealth
MNE,Salt marsh restorable area,72 ha,Mapping Ocean Wealth
MAR,Salt marsh restorable area,116 ha,Mapping Ocean Wealth
NAM,Salt marsh restorable area,11 ha,Mapping Ocean Wealth
PRT,Salt marsh restorable area,426 ha,Mapping Ocean Wealth
REU,Salt marsh restorable area,1 ha,Mapping Ocean Wealth
ROU,Salt marsh restorable area,2K ha,Mapping Ocean Wealth
URY,Salt marsh restorable area,774 ha,Mapping Ocean Wealth
ESH,Salt marsh restorable area,1 ha,Mapping Ocean Wealth
